-- =============================================================================
-- CoE Demo Data for minervademo ONLY
-- Apply to: minervademo DB only (NOT to mce/amace/amacedu/maasc/maptc)
-- Idempotent: uses REPLACE INTO (safe to re-run)
-- Generated from local mcekknagar DB: 2026-05-12
--
-- IMPORTANT: This script also inserts exam_groups (id=1,2,3) and
-- exam_group_class_batch_exams (id=1,2,3,4) which are prerequisite FK data.
-- exam_groups id=1 in minervademo will be overwritten with CoE demo name.
-- =============================================================================

SET FOREIGN_KEY_CHECKS=0;
SET SQL_MODE='NO_AUTO_VALUE_ON_ZERO';

-- --------------------------------------------------------
-- Prerequisite: exam_groups (ids 1, 2, 3)
-- --------------------------------------------------------
REPLACE INTO `exam_groups` (`id`, `name`, `exam_type`, `description`, `is_active`, `is_end_semester`, `exam_category`, `created_at`, `updated_at`) VALUES (1,'Nov/Dec 2025 End Semester','theory','End Semester Examination Nov/Dec 2025',1,1,'main','2026-05-09 22:40:32','2026-05-10 00:06:10');
REPLACE INTO `exam_groups` (`id`, `name`, `exam_type`, `description`, `is_active`, `is_end_semester`, `exam_category`, `created_at`, `updated_at`) VALUES (2,'Apr/May 2026 End Semester','theory','End Semester Examination Apr/May 2026',1,1,'main','2026-05-09 22:40:32','2026-05-10 00:06:10');
REPLACE INTO `exam_groups` (`id`, `name`, `exam_type`, `description`, `is_active`, `is_end_semester`, `exam_category`, `created_at`, `updated_at`) VALUES (3,'Nov/Dec 2025 Arrear','theory','Arrear Examination Nov/Dec 2025',1,1,'arrear','2026-05-09 22:40:32','2026-05-10 00:06:10');

-- --------------------------------------------------------
-- Prerequisite: exam_group_class_batch_exams (ids 1-4)
-- --------------------------------------------------------
REPLACE INTO `exam_group_class_batch_exams` (`id`, `exam`, `passing_percentage`, `session_id`, `date_from`, `date_to`, `exam_group_id`, `class_id`, `use_exam_roll_no`, `is_publish`, `is_rank_generated`, `description`, `is_active`, `is_end_semester`, `coe_locked`, `created_at`, `updated_at`) VALUES (1,'Nov/Dec 2025 - CSE',50.00,21,'2025-11-15','2025-12-05',1,67,1,1,0,NULL,1,1,1,'2026-05-09 22:40:32','2026-05-11 16:09:05');
REPLACE INTO `exam_group_class_batch_exams` (`id`, `exam`, `passing_percentage`, `session_id`, `date_from`, `date_to`, `exam_group_id`, `class_id`, `use_exam_roll_no`, `is_publish`, `is_rank_generated`, `description`, `is_active`, `is_end_semester`, `coe_locked`, `created_at`, `updated_at`) VALUES (2,'Nov/Dec 2025 - Civil',50.00,21,'2025-11-15','2025-12-05',1,NULL,1,1,0,NULL,1,1,1,'2026-05-09 22:40:32','2026-05-09 22:40:32');
REPLACE INTO `exam_group_class_batch_exams` (`id`, `exam`, `passing_percentage`, `session_id`, `date_from`, `date_to`, `exam_group_id`, `class_id`, `use_exam_roll_no`, `is_publish`, `is_rank_generated`, `description`, `is_active`, `is_end_semester`, `coe_locked`, `created_at`, `updated_at`) VALUES (3,'Apr/May 2026 - CSE',50.00,21,'2026-04-10','2026-05-05',2,NULL,1,0,0,NULL,1,1,0,'2026-05-09 22:40:32','2026-05-09 22:40:32');
REPLACE INTO `exam_group_class_batch_exams` (`id`, `exam`, `passing_percentage`, `session_id`, `date_from`, `date_to`, `exam_group_id`, `class_id`, `use_exam_roll_no`, `is_publish`, `is_rank_generated`, `description`, `is_active`, `is_end_semester`, `coe_locked`, `created_at`, `updated_at`) VALUES (4,'Nov/Dec 2025 - Arrear',50.00,21,'2025-11-20','2025-12-10',3,NULL,1,1,0,NULL,1,1,1,'2026-05-09 22:40:32','2026-05-09 22:40:32');

-- --------------------------------------------------------
-- CoE table data (216 rows across 21 tables)
-- --------------------------------------------------------
REPLACE INTO `coe_exam_regulations` (`id`, `session_id`, `class_id`, `department_id`, `regulation_type`, `affiliated_university`, `min_attendance_pct`, `internal_marks_pct`, `external_marks_pct`, `pass_marks_pct`, `has_credit_system`, `grading_scheme`, `arrear_allowed`, `supplementary_allowed`, `check_fee_dues`, `is_active`, `created_by`, `created_at`, `updated_at`) VALUES (1,21,58,3,'affiliated','Anna University',75.00,25.00,75.00,50.00,1,'ten_point',1,0,0,1,1,'2026-05-09 22:40:32','2026-05-09 22:40:32');
REPLACE INTO `coe_exam_regulations` (`id`, `session_id`, `class_id`, `department_id`, `regulation_type`, `affiliated_university`, `min_attendance_pct`, `internal_marks_pct`, `external_marks_pct`, `pass_marks_pct`, `has_credit_system`, `grading_scheme`, `arrear_allowed`, `supplementary_allowed`, `check_fee_dues`, `is_active`, `created_by`, `created_at`, `updated_at`) VALUES (2,21,59,2,'affiliated','Anna University',75.00,25.00,75.00,50.00,1,'ten_point',1,0,0,1,1,'2026-05-09 22:40:32','2026-05-09 22:40:32');
REPLACE INTO `coe_exam_regulations` (`id`, `session_id`, `class_id`, `department_id`, `regulation_type`, `affiliated_university`, `min_attendance_pct`, `internal_marks_pct`, `external_marks_pct`, `pass_marks_pct`, `has_credit_system`, `grading_scheme`, `arrear_allowed`, `supplementary_allowed`, `check_fee_dues`, `is_active`, `created_by`, `created_at`, `updated_at`) VALUES (3,21,60,3,'affiliated','Anna University',75.00,25.00,75.00,50.00,1,'ten_point',1,1,0,1,1,'2026-05-09 22:40:32','2026-05-09 22:40:32');
REPLACE INTO `coe_exam_applications` (`id`, `exam_group_id`, `exam_group_class_batch_exam_id`, `student_id`, `student_session_id`, `subject_id`, `is_arrear`, `cbcs_category`, `application_status`, `ineligible_reason`, `attendance_pct`, `applied_at`, `processed_at`, `processed_by`, `created_at`, `updated_at`) VALUES (1,1,1,1,1,12,0,'core','eligible',NULL,82.50,'2026-05-09 22:40:32','2026-05-09 22:40:32',1,'2026-05-09 22:40:32','2026-05-09 22:40:32');
REPLACE INTO `coe_exam_applications` (`id`, `exam_group_id`, `exam_group_class_batch_exam_id`, `student_id`, `student_session_id`, `subject_id`, `is_arrear`, `cbcs_category`, `application_status`, `ineligible_reason`, `attendance_pct`, `applied_at`, `processed_at`, `processed_by`, `created_at`, `updated_at`) VALUES (2,1,1,2,2,12,0,'core','eligible',NULL,78.00,'2026-05-09 22:40:32','2026-05-09 22:40:32',1,'2026-05-09 22:40:32','2026-05-09 22:40:32');
REPLACE INTO `coe_exam_applications` (`id`, `exam_group_id`, `exam_group_class_batch_exam_id`, `student_id`, `student_session_id`, `subject_id`, `is_arrear`, `cbcs_category`, `application_status`, `ineligible_reason`, `attendance_pct`, `applied_at`, `processed_at`, `processed_by`, `created_at`, `updated_at`) VALUES (3,1,1,3,3,12,0,'core','eligible',NULL,91.00,'2026-05-09 22:40:32','2026-05-09 22:40:32',1,'2026-05-09 22:40:32','2026-05-09 22:40:32');
REPLACE INTO `coe_exam_applications` (`id`, `exam_group_id`, `exam_group_class_batch_exam_id`, `student_id`, `student_session_id`, `subject_id`, `is_arrear`, `cbcs_category`, `application_status`, `ineligible_reason`, `attendance_pct`, `applied_at`, `processed_at`, `processed_by`, `created_at`, `updated_at`) VALUES (4,1,1,4,4,12,0,'core','ineligible',NULL,68.00,'2026-05-09 22:40:32','2026-05-09 22:40:32',1,'2026-05-09 22:40:32','2026-05-09 22:40:32');
REPLACE INTO `coe_exam_applications` (`id`, `exam_group_id`, `exam_group_class_batch_exam_id`, `student_id`, `student_session_id`, `subject_id`, `is_arrear`, `cbcs_category`, `application_status`, `ineligible_reason`, `attendance_pct`, `applied_at`, `processed_at`, `processed_by`, `created_at`, `updated_at`) VALUES (5,1,1,5,5,12,0,'core','eligible',NULL,85.00,'2026-05-09 22:40:32','2026-05-09 22:40:32',1,'2026-05-09 22:40:32','2026-05-09 22:40:32');
REPLACE INTO `coe_exam_applications` (`id`, `exam_group_id`, `exam_group_class_batch_exam_id`, `student_id`, `student_session_id`, `subject_id`, `is_arrear`, `cbcs_category`, `application_status`, `ineligible_reason`, `attendance_pct`, `applied_at`, `processed_at`, `processed_by`, `created_at`, `updated_at`) VALUES (6,1,1,1,1,10,0,'core','eligible',NULL,82.50,'2026-05-09 22:40:32','2026-05-09 22:40:32',1,'2026-05-09 22:40:32','2026-05-09 22:40:32');
REPLACE INTO `coe_exam_applications` (`id`, `exam_group_id`, `exam_group_class_batch_exam_id`, `student_id`, `student_session_id`, `subject_id`, `is_arrear`, `cbcs_category`, `application_status`, `ineligible_reason`, `attendance_pct`, `applied_at`, `processed_at`, `processed_by`, `created_at`, `updated_at`) VALUES (7,1,1,2,2,10,0,'core','eligible',NULL,78.00,'2026-05-09 22:40:32','2026-05-09 22:40:32',1,'2026-05-09 22:40:32','2026-05-09 22:40:32');
REPLACE INTO `coe_exam_applications` (`id`, `exam_group_id`, `exam_group_class_batch_exam_id`, `student_id`, `student_session_id`, `subject_id`, `is_arrear`, `cbcs_category`, `application_status`, `ineligible_reason`, `attendance_pct`, `applied_at`, `processed_at`, `processed_by`, `created_at`, `updated_at`) VALUES (8,1,1,3,3,10,0,'core','eligible',NULL,91.00,'2026-05-09 22:40:32','2026-05-09 22:40:32',1,'2026-05-09 22:40:32','2026-05-09 22:40:32');
REPLACE INTO `coe_exam_applications` (`id`, `exam_group_id`, `exam_group_class_batch_exam_id`, `student_id`, `student_session_id`, `subject_id`, `is_arrear`, `cbcs_category`, `application_status`, `ineligible_reason`, `attendance_pct`, `applied_at`, `processed_at`, `processed_by`, `created_at`, `updated_at`) VALUES (9,1,1,4,4,10,0,'core','ineligible',NULL,68.00,'2026-05-09 22:40:32','2026-05-09 22:40:32',1,'2026-05-09 22:40:32','2026-05-09 22:40:32');
REPLACE INTO `coe_exam_applications` (`id`, `exam_group_id`, `exam_group_class_batch_exam_id`, `student_id`, `student_session_id`, `subject_id`, `is_arrear`, `cbcs_category`, `application_status`, `ineligible_reason`, `attendance_pct`, `applied_at`, `processed_at`, `processed_by`, `created_at`, `updated_at`) VALUES (10,1,1,5,5,10,0,'core','eligible',NULL,85.00,'2026-05-09 22:40:32','2026-05-09 22:40:32',1,'2026-05-09 22:40:32','2026-05-09 22:40:32');
REPLACE INTO `coe_exam_applications` (`id`, `exam_group_id`, `exam_group_class_batch_exam_id`, `student_id`, `student_session_id`, `subject_id`, `is_arrear`, `cbcs_category`, `application_status`, `ineligible_reason`, `attendance_pct`, `applied_at`, `processed_at`, `processed_by`, `created_at`, `updated_at`) VALUES (11,1,2,1,1,14,0,'core','eligible',NULL,79.00,'2026-05-09 22:40:32','2026-05-09 22:40:32',1,'2026-05-09 22:40:32','2026-05-09 22:40:32');
REPLACE INTO `coe_exam_applications` (`id`, `exam_group_id`, `exam_group_class_batch_exam_id`, `student_id`, `student_session_id`, `subject_id`, `is_arrear`, `cbcs_category`, `application_status`, `ineligible_reason`, `attendance_pct`, `applied_at`, `processed_at`, `processed_by`, `created_at`, `updated_at`) VALUES (12,1,2,2,2,14,0,'core','eligible',NULL,83.00,'2026-05-09 22:40:32','2026-05-09 22:40:32',1,'2026-05-09 22:40:32','2026-05-09 22:40:32');
REPLACE INTO `coe_exam_applications` (`id`, `exam_group_id`, `exam_group_class_batch_exam_id`, `student_id`, `student_session_id`, `subject_id`, `is_arrear`, `cbcs_category`, `application_status`, `ineligible_reason`, `attendance_pct`, `applied_at`, `processed_at`, `processed_by`, `created_at`, `updated_at`) VALUES (13,3,4,4,4,12,1,'core','eligible',NULL,68.00,'2026-05-09 22:40:32','2026-05-09 22:40:32',1,'2026-05-09 22:40:32','2026-05-09 22:40:32');
REPLACE INTO `coe_exam_applications` (`id`, `exam_group_id`, `exam_group_class_batch_exam_id`, `student_id`, `student_session_id`, `subject_id`, `is_arrear`, `cbcs_category`, `application_status`, `ineligible_reason`, `attendance_pct`, `applied_at`, `processed_at`, `processed_by`, `created_at`, `updated_at`) VALUES (14,2,3,1,1,12,0,'core','pending',NULL,88.00,'2026-05-09 22:40:32',NULL,NULL,'2026-05-09 22:40:32','2026-05-09 22:40:32');
REPLACE INTO `coe_exam_applications` (`id`, `exam_group_id`, `exam_group_class_batch_exam_id`, `student_id`, `student_session_id`, `subject_id`, `is_arrear`, `cbcs_category`, `application_status`, `ineligible_reason`, `attendance_pct`, `applied_at`, `processed_at`, `processed_by`, `created_at`, `updated_at`) VALUES (15,2,3,2,2,12,0,'core','pending',NULL,74.00,'2026-05-09 22:40:32',NULL,NULL,'2026-05-09 22:40:32','2026-05-09 22:40:32');
REPLACE INTO `coe_exam_applications` (`id`, `exam_group_id`, `exam_group_class_batch_exam_id`, `student_id`, `student_session_id`, `subject_id`, `is_arrear`, `cbcs_category`, `application_status`, `ineligible_reason`, `attendance_pct`, `applied_at`, `processed_at`, `processed_by`, `created_at`, `updated_at`) VALUES (16,2,3,3,3,12,0,'core','pending',NULL,92.00,'2026-05-09 22:40:32',NULL,NULL,'2026-05-09 22:40:32','2026-05-09 22:40:32');
REPLACE INTO `coe_exam_applications` (`id`, `exam_group_id`, `exam_group_class_batch_exam_id`, `student_id`, `student_session_id`, `subject_id`, `is_arrear`, `cbcs_category`, `application_status`, `ineligible_reason`, `attendance_pct`, `applied_at`, `processed_at`, `processed_by`, `created_at`, `updated_at`) VALUES (17,3,4,2,2,4,1,'core','eligible',NULL,76.50,'2025-11-10 03:30:00','2025-11-10 03:30:00',1,'2026-05-10 20:25:14','2026-05-10 20:25:14');
REPLACE INTO `coe_exam_applications` (`id`, `exam_group_id`, `exam_group_class_batch_exam_id`, `student_id`, `student_session_id`, `subject_id`, `is_arrear`, `cbcs_category`, `application_status`, `ineligible_reason`, `attendance_pct`, `applied_at`, `processed_at`, `processed_by`, `created_at`, `updated_at`) VALUES (18,3,4,3,3,4,1,'core','eligible',NULL,81.00,'2025-11-10 03:30:00','2025-11-10 03:30:00',1,'2026-05-10 20:25:14','2026-05-10 20:25:14');
REPLACE INTO `coe_exam_applications` (`id`, `exam_group_id`, `exam_group_class_batch_exam_id`, `student_id`, `student_session_id`, `subject_id`, `is_arrear`, `cbcs_category`, `application_status`, `ineligible_reason`, `attendance_pct`, `applied_at`, `processed_at`, `processed_by`, `created_at`, `updated_at`) VALUES (19,3,4,3,3,5,1,'core','eligible',NULL,81.00,'2025-11-10 03:30:00','2025-11-10 03:30:00',1,'2026-05-10 20:25:14','2026-05-10 20:25:14');
REPLACE INTO `coe_exam_applications` (`id`, `exam_group_id`, `exam_group_class_batch_exam_id`, `student_id`, `student_session_id`, `subject_id`, `is_arrear`, `cbcs_category`, `application_status`, `ineligible_reason`, `attendance_pct`, `applied_at`, `processed_at`, `processed_by`, `created_at`, `updated_at`) VALUES (20,3,4,5,5,4,1,'core','eligible',NULL,72.00,'2025-11-10 03:30:00','2025-11-10 03:30:00',1,'2026-05-10 20:25:14','2026-05-10 20:25:14');
REPLACE INTO `coe_exam_applications` (`id`, `exam_group_id`, `exam_group_class_batch_exam_id`, `student_id`, `student_session_id`, `subject_id`, `is_arrear`, `cbcs_category`, `application_status`, `ineligible_reason`, `attendance_pct`, `applied_at`, `processed_at`, `processed_by`, `created_at`, `updated_at`) VALUES (21,3,4,5,5,5,1,'core','eligible',NULL,72.00,'2025-11-10 03:30:00','2025-11-10 03:30:00',1,'2026-05-10 20:25:14','2026-05-10 20:25:14');
REPLACE INTO `coe_exam_applications` (`id`, `exam_group_id`, `exam_group_class_batch_exam_id`, `student_id`, `student_session_id`, `subject_id`, `is_arrear`, `cbcs_category`, `application_status`, `ineligible_reason`, `attendance_pct`, `applied_at`, `processed_at`, `processed_by`, `created_at`, `updated_at`) VALUES (22,3,4,5,5,6,1,'core','eligible',NULL,72.00,'2025-11-10 03:30:00','2025-11-10 03:30:00',1,'2026-05-10 20:25:14','2026-05-10 20:25:14');
REPLACE INTO `coe_hall_tickets` (`id`, `exam_group_id`, `exam_group_class_batch_exam_id`, `student_id`, `student_session_id`, `hall_ticket_no`, `qr_hash`, `is_valid`, `generated_by`, `generated_at`, `printed_at`, `downloaded_count`, `created_at`, `updated_at`) VALUES (1,1,1,1,1,'MCE/NOV25/CSE/001','0dc6a36b2dce87d5126084652ca32596a53e6d7551e162c268e6b7e4b6ce3729',1,1,'2026-05-09 22:40:32',NULL,3,'2026-05-09 22:40:32','2026-05-09 22:40:32');
REPLACE INTO `coe_hall_tickets` (`id`, `exam_group_id`, `exam_group_class_batch_exam_id`, `student_id`, `student_session_id`, `hall_ticket_no`, `qr_hash`, `is_valid`, `generated_by`, `generated_at`, `printed_at`, `downloaded_count`, `created_at`, `updated_at`) VALUES (2,1,1,2,2,'MCE/NOV25/CSE/002','e291cdd920d8c9e65ee7da87c8484d5d63ee81576103b9e68e80d9034f6c39d4',1,1,'2026-05-09 22:40:32',NULL,1,'2026-05-09 22:40:32','2026-05-09 22:40:32');
REPLACE INTO `coe_hall_tickets` (`id`, `exam_group_id`, `exam_group_class_batch_exam_id`, `student_id`, `student_session_id`, `hall_ticket_no`, `qr_hash`, `is_valid`, `generated_by`, `generated_at`, `printed_at`, `downloaded_count`, `created_at`, `updated_at`) VALUES (3,1,1,3,3,'MCE/NOV25/CSE/003','38f3c8885a07ad101e8722369fc8fa08e41b8928a7d47809bc6a662fab0a4a3a',1,1,'2026-05-09 22:40:32',NULL,2,'2026-05-09 22:40:32','2026-05-09 22:40:32');
REPLACE INTO `coe_hall_tickets` (`id`, `exam_group_id`, `exam_group_class_batch_exam_id`, `student_id`, `student_session_id`, `hall_ticket_no`, `qr_hash`, `is_valid`, `generated_by`, `generated_at`, `printed_at`, `downloaded_count`, `created_at`, `updated_at`) VALUES (4,1,1,5,5,'MCE/NOV25/CSE/004','ddabecbacd7775279b75b4799547a86d2e7d32503c6c9e5e501571e43dc5e8fa',1,1,'2026-05-09 22:40:32',NULL,0,'2026-05-09 22:40:32','2026-05-09 22:40:32');
REPLACE INTO `coe_hall_tickets` (`id`, `exam_group_id`, `exam_group_class_batch_exam_id`, `student_id`, `student_session_id`, `hall_ticket_no`, `qr_hash`, `is_valid`, `generated_by`, `generated_at`, `printed_at`, `downloaded_count`, `created_at`, `updated_at`) VALUES (5,1,2,1,1,'MCE/NOV25/CIV/001','516889ff26943c8aec45df52c1e1aef85c576df1d9078264f5bb357a030500b2',1,1,'2026-05-09 22:40:32',NULL,1,'2026-05-09 22:40:32','2026-05-09 22:40:32');
REPLACE INTO `coe_hall_tickets` (`id`, `exam_group_id`, `exam_group_class_batch_exam_id`, `student_id`, `student_session_id`, `hall_ticket_no`, `qr_hash`, `is_valid`, `generated_by`, `generated_at`, `printed_at`, `downloaded_count`, `created_at`, `updated_at`) VALUES (6,1,2,2,2,'MCE/NOV25/CIV/002','ed86adf81d4e3ab71cd7d8f046a829411f890419cd058472d8d4a40f5d9a98ee',1,1,'2026-05-09 22:40:32',NULL,0,'2026-05-09 22:40:32','2026-05-09 22:40:32');
REPLACE INTO `coe_hall_tickets` (`id`, `exam_group_id`, `exam_group_class_batch_exam_id`, `student_id`, `student_session_id`, `hall_ticket_no`, `qr_hash`, `is_valid`, `generated_by`, `generated_at`, `printed_at`, `downloaded_count`, `created_at`, `updated_at`) VALUES (7,3,4,4,4,'MCE/ARR25/001','689ac15eb738044cade993c783ea5973a565c333edb732261aab723b2ea0aa6d',1,1,'2026-05-09 22:40:32','2026-05-09 23:45:58',16,'2026-05-09 22:40:32','2026-05-09 23:45:58');
REPLACE INTO `coe_hall_tickets` (`id`, `exam_group_id`, `exam_group_class_batch_exam_id`, `student_id`, `student_session_id`, `hall_ticket_no`, `qr_hash`, `is_valid`, `generated_by`, `generated_at`, `printed_at`, `downloaded_count`, `created_at`, `updated_at`) VALUES (8,2,3,1,1,'MCE/APR26/CSE/001','7ed9f53585c8b16ec5c567894dd9791c80b7372b5c6b853942afe216e6c9dcc2',1,217,'2026-05-10 02:02:01',NULL,0,'2026-05-10 02:02:01','2026-05-10 02:02:01');
REPLACE INTO `coe_hall_tickets` (`id`, `exam_group_id`, `exam_group_class_batch_exam_id`, `student_id`, `student_session_id`, `hall_ticket_no`, `qr_hash`, `is_valid`, `generated_by`, `generated_at`, `printed_at`, `downloaded_count`, `created_at`, `updated_at`) VALUES (9,2,3,2,2,'MCE/APR26/CSE/002','40e60d7323eaeb3d69745b5f24829c0835a54640a2a6bac066cfe28c93b6ff0b',1,217,'2026-05-10 02:02:01',NULL,0,'2026-05-10 02:02:01','2026-05-10 02:02:01');
REPLACE INTO `coe_hall_tickets` (`id`, `exam_group_id`, `exam_group_class_batch_exam_id`, `student_id`, `student_session_id`, `hall_ticket_no`, `qr_hash`, `is_valid`, `generated_by`, `generated_at`, `printed_at`, `downloaded_count`, `created_at`, `updated_at`) VALUES (10,2,3,3,3,'MCE/APR26/CSE/003','92696b588b5df1997bdffb839345b19e2e08effa7d695f7a7fadaf14b7a5534b',1,217,'2026-05-10 02:02:01',NULL,0,'2026-05-10 02:02:01','2026-05-10 02:02:01');
REPLACE INTO `coe_hall_tickets` (`id`, `exam_group_id`, `exam_group_class_batch_exam_id`, `student_id`, `student_session_id`, `hall_ticket_no`, `qr_hash`, `is_valid`, `generated_by`, `generated_at`, `printed_at`, `downloaded_count`, `created_at`, `updated_at`) VALUES (11,2,3,4,4,'MCE/APR26/CSE/004','95e2e6521a4bbd9ac4add1c162309caea6e2d758fb23f40b75054d27bba6e17c',1,217,'2026-05-10 02:02:01',NULL,0,'2026-05-10 02:02:01','2026-05-10 02:02:01');
REPLACE INTO `coe_hall_tickets` (`id`, `exam_group_id`, `exam_group_class_batch_exam_id`, `student_id`, `student_session_id`, `hall_ticket_no`, `qr_hash`, `is_valid`, `generated_by`, `generated_at`, `printed_at`, `downloaded_count`, `created_at`, `updated_at`) VALUES (12,2,3,5,5,'MCE/APR26/CSE/005','29a29a1c8f536fd72af67164e980cbd84ebffc4853bf734dc8208adc92aa1b17',1,217,'2026-05-10 02:02:01',NULL,0,'2026-05-10 02:02:01','2026-05-10 02:02:01');
REPLACE INTO `coe_hall_tickets` (`id`, `exam_group_id`, `exam_group_class_batch_exam_id`, `student_id`, `student_session_id`, `hall_ticket_no`, `qr_hash`, `is_valid`, `generated_by`, `generated_at`, `printed_at`, `downloaded_count`, `created_at`, `updated_at`) VALUES (13,2,3,6,6,'MCE/APR26/CSE/006','cb37898a6d98da24ffcca3a623c711744a20e51f472a5b58317716bb62d77c58',1,217,'2026-05-10 02:02:01',NULL,0,'2026-05-10 02:02:01','2026-05-10 02:02:01');
REPLACE INTO `coe_seating_rooms` (`id`, `exam_group_id`, `exam_group_class_batch_exam_id`, `hall_id`, `subject_id`, `exam_date`, `session_slot`, `capacity_override`, `chief_superintendent_id`, `is_active`, `created_at`, `updated_at`) VALUES (1,1,1,1,12,'2025-11-15','FN',30,217,1,'2026-05-09 22:40:32','2026-05-09 22:40:32');
REPLACE INTO `coe_seating_rooms` (`id`, `exam_group_id`, `exam_group_class_batch_exam_id`, `hall_id`, `subject_id`, `exam_date`, `session_slot`, `capacity_override`, `chief_superintendent_id`, `is_active`, `created_at`, `updated_at`) VALUES (2,1,1,2,12,'2025-11-15','FN',30,218,1,'2026-05-09 22:40:32','2026-05-09 22:40:32');
REPLACE INTO `coe_seating_rooms` (`id`, `exam_group_id`, `exam_group_class_batch_exam_id`, `hall_id`, `subject_id`, `exam_date`, `session_slot`, `capacity_override`, `chief_superintendent_id`, `is_active`, `created_at`, `updated_at`) VALUES (3,1,1,1,10,'2025-11-18','FN',30,217,1,'2026-05-09 22:40:32','2026-05-09 22:40:32');
REPLACE INTO `coe_seating_rooms` (`id`, `exam_group_id`, `exam_group_class_batch_exam_id`, `hall_id`, `subject_id`, `exam_date`, `session_slot`, `capacity_override`, `chief_superintendent_id`, `is_active`, `created_at`, `updated_at`) VALUES (4,1,2,3,14,'2025-11-15','FN',25,219,1,'2026-05-09 22:40:32','2026-05-09 22:40:32');
REPLACE INTO `coe_seating_rooms` (`id`, `exam_group_id`, `exam_group_class_batch_exam_id`, `hall_id`, `subject_id`, `exam_date`, `session_slot`, `capacity_override`, `chief_superintendent_id`, `is_active`, `created_at`, `updated_at`) VALUES (5,3,4,1,12,'2025-11-20','FN',20,220,1,'2026-05-09 22:40:32','2026-05-09 22:40:32');
REPLACE INTO `coe_seating_rooms` (`id`, `exam_group_id`, `exam_group_class_batch_exam_id`, `hall_id`, `subject_id`, `exam_date`, `session_slot`, `capacity_override`, `chief_superintendent_id`, `is_active`, `created_at`, `updated_at`) VALUES (6,2,3,1,1,'2026-04-21','FN',30,217,1,'2026-05-10 02:02:01','2026-05-10 02:02:01');
REPLACE INTO `coe_seating_rooms` (`id`, `exam_group_id`, `exam_group_class_batch_exam_id`, `hall_id`, `subject_id`, `exam_date`, `session_slot`, `capacity_override`, `chief_superintendent_id`, `is_active`, `created_at`, `updated_at`) VALUES (7,2,3,2,1,'2026-04-21','FN',25,218,1,'2026-05-10 02:02:01','2026-05-10 02:02:01');
REPLACE INTO `coe_seating_rooms` (`id`, `exam_group_id`, `exam_group_class_batch_exam_id`, `hall_id`, `subject_id`, `exam_date`, `session_slot`, `capacity_override`, `chief_superintendent_id`, `is_active`, `created_at`, `updated_at`) VALUES (8,2,3,1,2,'2026-04-23','FN',30,219,1,'2026-05-10 02:02:01','2026-05-10 02:02:01');
REPLACE INTO `coe_seating_assignments` (`id`, `seating_room_id`, `student_id`, `student_session_id`, `hall_ticket_id`, `seat_number`, `is_present`, `created_at`, `updated_at`) VALUES (3,2,3,3,3,'B-01',1,'2026-05-09 22:40:32','2026-05-09 22:40:32');
REPLACE INTO `coe_seating_assignments` (`id`, `seating_room_id`, `student_id`, `student_session_id`, `hall_ticket_id`, `seat_number`, `is_present`, `created_at`, `updated_at`) VALUES (4,2,5,5,4,'B-02',0,'2026-05-09 22:40:32','2026-05-09 22:40:32');
REPLACE INTO `coe_seating_assignments` (`id`, `seating_room_id`, `student_id`, `student_session_id`, `hall_ticket_id`, `seat_number`, `is_present`, `created_at`, `updated_at`) VALUES (5,4,1,1,5,'C-01',1,'2026-05-09 22:40:32','2026-05-09 22:40:32');
REPLACE INTO `coe_seating_assignments` (`id`, `seating_room_id`, `student_id`, `student_session_id`, `hall_ticket_id`, `seat_number`, `is_present`, `created_at`, `updated_at`) VALUES (6,4,2,2,6,'C-02',1,'2026-05-09 22:40:32','2026-05-09 22:40:32');
REPLACE INTO `coe_seating_assignments` (`id`, `seating_room_id`, `student_id`, `student_session_id`, `hall_ticket_id`, `seat_number`, `is_present`, `created_at`, `updated_at`) VALUES (7,6,1,1,8,'A-01',1,'2026-05-10 02:02:01','2026-05-10 02:02:01');
REPLACE INTO `coe_seating_assignments` (`id`, `seating_room_id`, `student_id`, `student_session_id`, `hall_ticket_id`, `seat_number`, `is_present`, `created_at`, `updated_at`) VALUES (8,6,2,2,9,'A-02',1,'2026-05-10 02:02:01','2026-05-10 02:02:01');
REPLACE INTO `coe_seating_assignments` (`id`, `seating_room_id`, `student_id`, `student_session_id`, `hall_ticket_id`, `seat_number`, `is_present`, `created_at`, `updated_at`) VALUES (9,6,3,3,10,'A-03',0,'2026-05-10 02:02:01','2026-05-10 02:02:01');
REPLACE INTO `coe_seating_assignments` (`id`, `seating_room_id`, `student_id`, `student_session_id`, `hall_ticket_id`, `seat_number`, `is_present`, `created_at`, `updated_at`) VALUES (10,7,4,4,11,'B-01',1,'2026-05-10 02:02:01','2026-05-10 02:02:01');
REPLACE INTO `coe_seating_assignments` (`id`, `seating_room_id`, `student_id`, `student_session_id`, `hall_ticket_id`, `seat_number`, `is_present`, `created_at`, `updated_at`) VALUES (11,7,5,5,12,'B-02',1,'2026-05-10 02:02:01','2026-05-10 02:02:01');
REPLACE INTO `coe_seating_assignments` (`id`, `seating_room_id`, `student_id`, `student_session_id`, `hall_ticket_id`, `seat_number`, `is_present`, `created_at`, `updated_at`) VALUES (12,7,6,6,13,'B-03',1,'2026-05-10 02:02:01','2026-05-10 02:02:01');
REPLACE INTO `coe_seating_assignments` (`id`, `seating_room_id`, `student_id`, `student_session_id`, `hall_ticket_id`, `seat_number`, `is_present`, `created_at`, `updated_at`) VALUES (13,8,1,1,8,'A-01',1,'2026-05-10 02:02:01','2026-05-10 02:02:01');
REPLACE INTO `coe_seating_assignments` (`id`, `seating_room_id`, `student_id`, `student_session_id`, `hall_ticket_id`, `seat_number`, `is_present`, `created_at`, `updated_at`) VALUES (14,8,2,2,9,'A-02',1,'2026-05-10 02:02:01','2026-05-10 02:02:01');
REPLACE INTO `coe_seating_assignments` (`id`, `seating_room_id`, `student_id`, `student_session_id`, `hall_ticket_id`, `seat_number`, `is_present`, `created_at`, `updated_at`) VALUES (15,8,3,3,10,'A-03',1,'2026-05-10 02:02:01','2026-05-10 02:02:01');
REPLACE INTO `coe_seating_assignments` (`id`, `seating_room_id`, `student_id`, `student_session_id`, `hall_ticket_id`, `seat_number`, `is_present`, `created_at`, `updated_at`) VALUES (16,8,4,4,11,'B-01',1,'2026-05-10 02:02:01','2026-05-10 02:02:01');
REPLACE INTO `coe_seating_assignments` (`id`, `seating_room_id`, `student_id`, `student_session_id`, `hall_ticket_id`, `seat_number`, `is_present`, `created_at`, `updated_at`) VALUES (17,8,5,5,12,'B-02',1,'2026-05-10 02:02:01','2026-05-10 02:02:01');
REPLACE INTO `coe_seating_assignments` (`id`, `seating_room_id`, `student_id`, `student_session_id`, `hall_ticket_id`, `seat_number`, `is_present`, `created_at`, `updated_at`) VALUES (18,8,6,6,13,'B-03',1,'2026-05-10 02:02:01','2026-05-10 02:02:01');
REPLACE INTO `coe_seating_assignments` (`id`, `seating_room_id`, `student_id`, `student_session_id`, `hall_ticket_id`, `seat_number`, `is_present`, `created_at`, `updated_at`) VALUES (19,5,4,4,7,'S001',0,'2026-05-10 17:05:20','2026-05-10 17:05:20');
REPLACE INTO `coe_seating_assignments` (`id`, `seating_room_id`, `student_id`, `student_session_id`, `hall_ticket_id`, `seat_number`, `is_present`, `created_at`, `updated_at`) VALUES (20,1,1,1,1,'S001',0,'2026-05-10 17:07:27','2026-05-10 17:07:27');
REPLACE INTO `coe_seating_assignments` (`id`, `seating_room_id`, `student_id`, `student_session_id`, `hall_ticket_id`, `seat_number`, `is_present`, `created_at`, `updated_at`) VALUES (21,1,2,2,2,'S002',0,'2026-05-10 17:07:27','2026-05-10 17:07:27');
REPLACE INTO `coe_invigilation_duties` (`id`, `seating_room_id`, `staff_id`, `duty_type`, `remarks`, `created_at`, `updated_at`) VALUES (1,1,217,'chief_superintendent','Hall A - Senior Invigilator','2026-05-09 22:40:32','2026-05-09 22:40:32');
REPLACE INTO `coe_invigilation_duties` (`id`, `seating_room_id`, `staff_id`, `duty_type`, `remarks`, `created_at`, `updated_at`) VALUES (2,1,218,'invigilator','Hall A - Invigilator 1','2026-05-09 22:40:32','2026-05-09 22:40:32');
REPLACE INTO `coe_invigilation_duties` (`id`, `seating_room_id`, `staff_id`, `duty_type`, `remarks`, `created_at`, `updated_at`) VALUES (3,1,219,'invigilator','Hall A - Invigilator 2','2026-05-09 22:40:32','2026-05-09 22:40:32');
REPLACE INTO `coe_invigilation_duties` (`id`, `seating_room_id`, `staff_id`, `duty_type`, `remarks`, `created_at`, `updated_at`) VALUES (4,2,218,'chief_superintendent','Hall B - Senior Invigilator','2026-05-09 22:40:32','2026-05-09 22:40:32');
REPLACE INTO `coe_invigilation_duties` (`id`, `seating_room_id`, `staff_id`, `duty_type`, `remarks`, `created_at`, `updated_at`) VALUES (5,2,220,'invigilator','Hall B - Invigilator 1','2026-05-09 22:40:32','2026-05-09 22:40:32');
REPLACE INTO `coe_invigilation_duties` (`id`, `seating_room_id`, `staff_id`, `duty_type`, `remarks`, `created_at`, `updated_at`) VALUES (6,3,217,'chief_superintendent','Hall A - Nov 18','2026-05-09 22:40:32','2026-05-09 22:40:32');
REPLACE INTO `coe_invigilation_duties` (`id`, `seating_room_id`, `staff_id`, `duty_type`, `remarks`, `created_at`, `updated_at`) VALUES (7,3,219,'invigilator','Hall A - Nov 18 Invigilator','2026-05-09 22:40:32','2026-05-09 22:40:32');
REPLACE INTO `coe_invigilation_duties` (`id`, `seating_room_id`, `staff_id`, `duty_type`, `remarks`, `created_at`, `updated_at`) VALUES (8,4,219,'chief_superintendent','Hall C - Civil','2026-05-09 22:40:32','2026-05-09 22:40:32');
REPLACE INTO `coe_invigilation_duties` (`id`, `seating_room_id`, `staff_id`, `duty_type`, `remarks`, `created_at`, `updated_at`) VALUES (9,4,220,'invigilator','Hall C - Civil Invigilator','2026-05-09 22:40:32','2026-05-09 22:40:32');
REPLACE INTO `coe_invigilation_duties` (`id`, `seating_room_id`, `staff_id`, `duty_type`, `remarks`, `created_at`, `updated_at`) VALUES (10,5,220,'chief_superintendent','Arrear Hall','2026-05-09 22:40:32','2026-05-09 22:40:32');
REPLACE INTO `coe_invigilation_duties` (`id`, `seating_room_id`, `staff_id`, `duty_type`, `remarks`, `created_at`, `updated_at`) VALUES (11,5,217,'flying_squad','Flying Squad - Arrear','2026-05-09 22:40:32','2026-05-09 22:40:32');
REPLACE INTO `coe_nominal_rolls` (`id`, `exam_group_id`, `exam_group_class_batch_exam_id`, `subject_id`, `exam_date`, `total_students`, `generated_by`, `generated_at`, `is_final`, `roll_snapshot`, `created_at`, `updated_at`) VALUES (1,1,1,12,'2025-11-15',4,1,'2026-05-09 22:40:32',1,'[{\"student_id\":1,\"application_status\":\"eligible\",\"is_arrear\":0,\"cbcs_category\":\"regular\",\"firstname\":\"Test\",\"lastname\":\"\",\"register_no\":\"MCE2025IT001\",\"gender\":\"Male\",\"dob\":null,\"student_session_id\":1,\"class_name\":\"I YEAR BTECH IT\",\"department_name\":null,\"section_name\":null},{\"student_id\":2,\"application_status\":\"eligible\",\"is_arrear\":0,\"cbcs_category\":\"regular\",\"firstname\":\"AAKASH K\",\"lastname\":\"\",\"register_no\":\"MCE2025IT002\",\"gender\":\"Male\",\"dob\":null,\"student_session_id\":2,\"class_name\":\"I YEAR BTECH IT\",\"department_name\":null,\"section_name\":null},{\"student_id\":3,\"application_status\":\"eligible\",\"is_arrear\":0,\"cbcs_category\":\"regular\",\"firstname\":\"AJAI V\",\"lastname\":\"\",\"register_no\":\"MCE2025IT003\",\"gender\":\"Male\",\"dob\":null,\"student_session_id\":3,\"class_name\":\"I YEAR BTECH IT\",\"department_name\":null,\"section_name\":null},{\"student_id\":5,\"application_status\":\"eligible\",\"is_arrear\":0,\"cbcs_category\":\"regular\",\"firstname\":\"AKSHAYA N\",\"lastname\":\"\",\"register_no\":\"MCE2025IT005\",\"gender\":\"Female\",\"dob\":null,\"student_session_id\":5,\"class_name\":\"I YEAR BTECH IT\",\"department_name\":null,\"section_name\":null}]','2026-05-09 22:40:32','2026-05-10 16:56:45');
REPLACE INTO `coe_nominal_rolls` (`id`, `exam_group_id`, `exam_group_class_batch_exam_id`, `subject_id`, `exam_date`, `total_students`, `generated_by`, `generated_at`, `is_final`, `roll_snapshot`, `created_at`, `updated_at`) VALUES (2,1,1,10,'2025-11-18',4,0,'2026-05-10 16:55:12',0,'[{\"student_id\":\"1\",\"application_status\":\"eligible\",\"is_arrear\":\"0\",\"cbcs_category\":\"core\",\"firstname\":\"Test\",\"lastname\":\"\",\"register_no\":\"MCE2025IT001\",\"gender\":\"Male\",\"dob\":\"2025-10-22\",\"student_session_id\":\"1\",\"class_name\":\"I YEAR BTECH IT\",\"department_name\":null,\"section_name\":\"A\"},{\"student_id\":\"2\",\"application_status\":\"eligible\",\"is_arrear\":\"0\",\"cbcs_category\":\"core\",\"firstname\":\"AAKASH K\",\"lastname\":\"\",\"register_no\":\"MCE2025IT002\",\"gender\":\"Male\",\"dob\":null,\"student_session_id\":\"2\",\"class_name\":\"I YEAR BTECH IT\",\"department_name\":null,\"section_name\":\"A\"},{\"student_id\":\"3\",\"application_status\":\"eligible\",\"is_arrear\":\"0\",\"cbcs_category\":\"core\",\"firstname\":\"AJAI V\",\"lastname\":\"\",\"register_no\":\"MCE2025IT003\",\"gender\":\"Male\",\"dob\":\"2025-10-14\",\"student_session_id\":\"3\",\"class_name\":\"I YEAR BTECH IT\",\"department_name\":null,\"section_name\":\"A\"},{\"student_id\":\"5\",\"application_status\":\"eligible\",\"is_arrear\":\"0\",\"cbcs_category\":\"core\",\"firstname\":\"AKSHAYA N\",\"lastname\":\"\",\"register_no\":\"MCE2025IT005\",\"gender\":\"Female\",\"dob\":\"2025-11-07\",\"student_session_id\":\"5\",\"class_name\":\"I YEAR BTECH IT\",\"department_name\":null,\"section_name\":\"A\"}]','2026-05-09 22:40:32','2026-05-10 16:55:12');
REPLACE INTO `coe_nominal_rolls` (`id`, `exam_group_id`, `exam_group_class_batch_exam_id`, `subject_id`, `exam_date`, `total_students`, `generated_by`, `generated_at`, `is_final`, `roll_snapshot`, `created_at`, `updated_at`) VALUES (3,1,2,14,'2025-11-15',2,1,'2026-05-09 22:40:32',1,'[{\"student_id\":1,\"hall_ticket_no\":\"MCE/NOV25/CIV/001\"},{\"student_id\":2,\"hall_ticket_no\":\"MCE/NOV25/CIV/002\"}]','2026-05-09 22:40:32','2026-05-09 22:40:32');
REPLACE INTO `coe_subject_config` (`id`, `exam_group_class_batch_exam_id`, `subject_id`, `credits`, `max_internal`, `max_external`, `pass_internal`, `pass_external`, `pass_total`, `scheme`, `created_at`, `updated_at`) VALUES (1,3,1,4,30.00,70.00,12.00,28.00,50.00,'NEP2020','2026-05-10 16:32:36','2026-05-10 16:32:36');
REPLACE INTO `coe_subject_config` (`id`, `exam_group_class_batch_exam_id`, `subject_id`, `credits`, `max_internal`, `max_external`, `pass_internal`, `pass_external`, `pass_total`, `scheme`, `created_at`, `updated_at`) VALUES (2,3,2,4,30.00,70.00,12.00,28.00,50.00,'NEP2020','2026-05-10 16:32:36','2026-05-10 16:32:36');
REPLACE INTO `coe_subject_config` (`id`, `exam_group_class_batch_exam_id`, `subject_id`, `credits`, `max_internal`, `max_external`, `pass_internal`, `pass_external`, `pass_total`, `scheme`, `created_at`, `updated_at`) VALUES (3,3,3,4,30.00,70.00,12.00,28.00,50.00,'NEP2020','2026-05-10 16:32:36','2026-05-10 16:32:36');
REPLACE INTO `coe_student_results` (`id`, `student_id`, `exam_group_class_batch_exam_id`, `subject_id`, `class_id`, `internal_marks`, `external_marks`, `total_marks`, `max_internal`, `max_external`, `max_total`, `credits`, `grade`, `grade_points`, `result_status`, `is_arrear`, `moderation_applied`, `is_published`, `published_at`, `created_at`, `updated_at`) VALUES (1,1,3,1,NULL,25.00,65.00,90.00,30.00,70.00,100.00,4,'A+',9.00,'pass',0,0.00,0,NULL,'2026-05-10 16:32:36','2026-05-10 16:32:36');
REPLACE INTO `coe_student_results` (`id`, `student_id`, `exam_group_class_batch_exam_id`, `subject_id`, `class_id`, `internal_marks`, `external_marks`, `total_marks`, `max_internal`, `max_external`, `max_total`, `credits`, `grade`, `grade_points`, `result_status`, `is_arrear`, `moderation_applied`, `is_published`, `published_at`, `created_at`, `updated_at`) VALUES (2,1,3,2,NULL,27.00,72.00,99.00,30.00,70.00,100.00,4,'O',10.00,'pass',0,0.00,0,NULL,'2026-05-10 16:32:36','2026-05-10 16:32:36');
REPLACE INTO `coe_student_results` (`id`, `student_id`, `exam_group_class_batch_exam_id`, `subject_id`, `class_id`, `internal_marks`, `external_marks`, `total_marks`, `max_internal`, `max_external`, `max_total`, `credits`, `grade`, `grade_points`, `result_status`, `is_arrear`, `moderation_applied`, `is_published`, `published_at`, `created_at`, `updated_at`) VALUES (3,1,3,3,NULL,26.00,68.00,94.00,30.00,70.00,100.00,4,'O',10.00,'pass',0,0.00,0,NULL,'2026-05-10 16:32:36','2026-05-10 16:32:36');
REPLACE INTO `coe_student_results` (`id`, `student_id`, `exam_group_class_batch_exam_id`, `subject_id`, `class_id`, `internal_marks`, `external_marks`, `total_marks`, `max_internal`, `max_external`, `max_total`, `credits`, `grade`, `grade_points`, `result_status`, `is_arrear`, `moderation_applied`, `is_published`, `published_at`, `created_at`, `updated_at`) VALUES (4,2,3,1,NULL,22.00,58.00,80.00,30.00,70.00,100.00,4,'A',8.00,'pass',0,0.00,0,NULL,'2026-05-10 16:32:36','2026-05-10 16:32:36');
REPLACE INTO `coe_student_results` (`id`, `student_id`, `exam_group_class_batch_exam_id`, `subject_id`, `class_id`, `internal_marks`, `external_marks`, `total_marks`, `max_internal`, `max_external`, `max_total`, `credits`, `grade`, `grade_points`, `result_status`, `is_arrear`, `moderation_applied`, `is_published`, `published_at`, `created_at`, `updated_at`) VALUES (5,2,3,2,NULL,24.00,63.00,87.00,30.00,70.00,100.00,4,'A+',9.00,'pass',0,0.00,0,NULL,'2026-05-10 16:32:36','2026-05-10 16:32:36');
REPLACE INTO `coe_student_results` (`id`, `student_id`, `exam_group_class_batch_exam_id`, `subject_id`, `class_id`, `internal_marks`, `external_marks`, `total_marks`, `max_internal`, `max_external`, `max_total`, `credits`, `grade`, `grade_points`, `result_status`, `is_arrear`, `moderation_applied`, `is_published`, `published_at`, `created_at`, `updated_at`) VALUES (6,2,3,3,NULL,23.00,60.00,83.00,30.00,70.00,100.00,4,'A+',9.00,'pass',0,0.00,0,NULL,'2026-05-10 16:32:36','2026-05-10 16:32:36');
REPLACE INTO `coe_student_results` (`id`, `student_id`, `exam_group_class_batch_exam_id`, `subject_id`, `class_id`, `internal_marks`, `external_marks`, `total_marks`, `max_internal`, `max_external`, `max_total`, `credits`, `grade`, `grade_points`, `result_status`, `is_arrear`, `moderation_applied`, `is_published`, `published_at`, `created_at`, `updated_at`) VALUES (7,3,3,1,NULL,21.00,52.00,73.00,30.00,70.00,100.00,4,'A',8.00,'pass',0,0.00,0,NULL,'2026-05-10 16:32:36','2026-05-10 16:32:36');
REPLACE INTO `coe_student_results` (`id`, `student_id`, `exam_group_class_batch_exam_id`, `subject_id`, `class_id`, `internal_marks`, `external_marks`, `total_marks`, `max_internal`, `max_external`, `max_total`, `credits`, `grade`, `grade_points`, `result_status`, `is_arrear`, `moderation_applied`, `is_published`, `published_at`, `created_at`, `updated_at`) VALUES (8,3,3,2,NULL,21.00,55.00,76.00,30.00,70.00,100.00,4,'A',8.00,'pass',0,0.00,0,NULL,'2026-05-10 16:32:36','2026-05-10 16:32:36');
REPLACE INTO `coe_student_results` (`id`, `student_id`, `exam_group_class_batch_exam_id`, `subject_id`, `class_id`, `internal_marks`, `external_marks`, `total_marks`, `max_internal`, `max_external`, `max_total`, `credits`, `grade`, `grade_points`, `result_status`, `is_arrear`, `moderation_applied`, `is_published`, `published_at`, `created_at`, `updated_at`) VALUES (9,3,3,3,NULL,18.00,53.00,71.00,30.00,70.00,100.00,4,'A',8.00,'pass',0,0.00,0,NULL,'2026-05-10 16:32:36','2026-05-10 16:32:36');
REPLACE INTO `coe_student_results` (`id`, `student_id`, `exam_group_class_batch_exam_id`, `subject_id`, `class_id`, `internal_marks`, `external_marks`, `total_marks`, `max_internal`, `max_external`, `max_total`, `credits`, `grade`, `grade_points`, `result_status`, `is_arrear`, `moderation_applied`, `is_published`, `published_at`, `created_at`, `updated_at`) VALUES (10,4,3,1,NULL,18.00,40.00,58.00,30.00,70.00,100.00,4,'B',6.00,'pass',0,0.00,0,NULL,'2026-05-10 16:32:36','2026-05-10 16:32:36');
REPLACE INTO `coe_student_results` (`id`, `student_id`, `exam_group_class_batch_exam_id`, `subject_id`, `class_id`, `internal_marks`, `external_marks`, `total_marks`, `max_internal`, `max_external`, `max_total`, `credits`, `grade`, `grade_points`, `result_status`, `is_arrear`, `moderation_applied`, `is_published`, `published_at`, `created_at`, `updated_at`) VALUES (11,4,3,2,NULL,20.00,48.00,68.00,30.00,70.00,100.00,4,'B+',7.00,'pass',0,0.00,0,NULL,'2026-05-10 16:32:36','2026-05-10 16:32:36');
REPLACE INTO `coe_student_results` (`id`, `student_id`, `exam_group_class_batch_exam_id`, `subject_id`, `class_id`, `internal_marks`, `external_marks`, `total_marks`, `max_internal`, `max_external`, `max_total`, `credits`, `grade`, `grade_points`, `result_status`, `is_arrear`, `moderation_applied`, `is_published`, `published_at`, `created_at`, `updated_at`) VALUES (12,4,3,3,NULL,15.00,36.00,51.00,30.00,70.00,100.00,4,'B',6.00,'pass',0,0.00,0,NULL,'2026-05-10 16:32:36','2026-05-10 16:32:36');
REPLACE INTO `coe_student_results` (`id`, `student_id`, `exam_group_class_batch_exam_id`, `subject_id`, `class_id`, `internal_marks`, `external_marks`, `total_marks`, `max_internal`, `max_external`, `max_total`, `credits`, `grade`, `grade_points`, `result_status`, `is_arrear`, `moderation_applied`, `is_published`, `published_at`, `created_at`, `updated_at`) VALUES (13,5,3,1,NULL,15.00,30.00,45.00,30.00,70.00,100.00,4,'U',0.00,'fail',1,0.00,0,NULL,'2026-05-10 16:32:36','2026-05-10 16:32:36');
REPLACE INTO `coe_student_results` (`id`, `student_id`, `exam_group_class_batch_exam_id`, `subject_id`, `class_id`, `internal_marks`, `external_marks`, `total_marks`, `max_internal`, `max_external`, `max_total`, `credits`, `grade`, `grade_points`, `result_status`, `is_arrear`, `moderation_applied`, `is_published`, `published_at`, `created_at`, `updated_at`) VALUES (14,5,3,2,NULL,22.00,55.00,77.00,30.00,70.00,100.00,4,'A',8.00,'pass',0,0.00,0,NULL,'2026-05-10 16:32:36','2026-05-10 16:32:36');
REPLACE INTO `coe_student_results` (`id`, `student_id`, `exam_group_class_batch_exam_id`, `subject_id`, `class_id`, `internal_marks`, `external_marks`, `total_marks`, `max_internal`, `max_external`, `max_total`, `credits`, `grade`, `grade_points`, `result_status`, `is_arrear`, `moderation_applied`, `is_published`, `published_at`, `created_at`, `updated_at`) VALUES (15,5,3,3,NULL,14.00,25.00,39.00,30.00,70.00,100.00,4,'U',0.00,'fail',1,0.00,0,NULL,'2026-05-10 16:32:36','2026-05-10 16:32:36');
REPLACE INTO `coe_student_results` (`id`, `student_id`, `exam_group_class_batch_exam_id`, `subject_id`, `class_id`, `internal_marks`, `external_marks`, `total_marks`, `max_internal`, `max_external`, `max_total`, `credits`, `grade`, `grade_points`, `result_status`, `is_arrear`, `moderation_applied`, `is_published`, `published_at`, `created_at`, `updated_at`) VALUES (16,6,3,1,NULL,24.00,60.00,84.00,30.00,70.00,100.00,4,'A+',9.00,'pass',0,0.00,0,NULL,'2026-05-10 16:32:36','2026-05-10 16:32:36');
REPLACE INTO `coe_student_results` (`id`, `student_id`, `exam_group_class_batch_exam_id`, `subject_id`, `class_id`, `internal_marks`, `external_marks`, `total_marks`, `max_internal`, `max_external`, `max_total`, `credits`, `grade`, `grade_points`, `result_status`, `is_arrear`, `moderation_applied`, `is_published`, `published_at`, `created_at`, `updated_at`) VALUES (17,6,3,2,NULL,26.00,70.00,96.00,30.00,70.00,100.00,4,'O',10.00,'pass',0,0.00,0,NULL,'2026-05-10 16:32:36','2026-05-10 16:32:36');
REPLACE INTO `coe_student_results` (`id`, `student_id`, `exam_group_class_batch_exam_id`, `subject_id`, `class_id`, `internal_marks`, `external_marks`, `total_marks`, `max_internal`, `max_external`, `max_total`, `credits`, `grade`, `grade_points`, `result_status`, `is_arrear`, `moderation_applied`, `is_published`, `published_at`, `created_at`, `updated_at`) VALUES (18,6,3,3,NULL,25.00,62.00,87.00,30.00,70.00,100.00,4,'A+',9.00,'pass',0,0.00,0,NULL,'2026-05-10 16:32:36','2026-05-10 16:32:36');
REPLACE INTO `coe_student_results` (`id`, `student_id`, `exam_group_class_batch_exam_id`, `subject_id`, `class_id`, `internal_marks`, `external_marks`, `total_marks`, `max_internal`, `max_external`, `max_total`, `credits`, `grade`, `grade_points`, `result_status`, `is_arrear`, `moderation_applied`, `is_published`, `published_at`, `created_at`, `updated_at`) VALUES (19,2,1,4,NULL,20.00,25.00,45.00,30.00,70.00,100.00,4,'U',0.00,'fail',0,0.00,1,'2025-12-10 10:00:00','2026-05-10 20:25:14','2026-05-10 20:25:14');
REPLACE INTO `coe_student_results` (`id`, `student_id`, `exam_group_class_batch_exam_id`, `subject_id`, `class_id`, `internal_marks`, `external_marks`, `total_marks`, `max_internal`, `max_external`, `max_total`, `credits`, `grade`, `grade_points`, `result_status`, `is_arrear`, `moderation_applied`, `is_published`, `published_at`, `created_at`, `updated_at`) VALUES (20,2,1,5,NULL,24.00,55.00,79.00,30.00,70.00,100.00,4,'A',8.00,'pass',0,0.00,1,'2025-12-10 10:00:00','2026-05-10 20:25:14','2026-05-10 20:25:14');
REPLACE INTO `coe_student_results` (`id`, `student_id`, `exam_group_class_batch_exam_id`, `subject_id`, `class_id`, `internal_marks`, `external_marks`, `total_marks`, `max_internal`, `max_external`, `max_total`, `credits`, `grade`, `grade_points`, `result_status`, `is_arrear`, `moderation_applied`, `is_published`, `published_at`, `created_at`, `updated_at`) VALUES (21,2,1,6,NULL,26.00,60.00,86.00,30.00,70.00,100.00,4,'A+',9.00,'pass',0,0.00,1,'2025-12-10 10:00:00','2026-05-10 20:25:14','2026-05-10 20:25:14');
REPLACE INTO `coe_student_results` (`id`, `student_id`, `exam_group_class_batch_exam_id`, `subject_id`, `class_id`, `internal_marks`, `external_marks`, `total_marks`, `max_internal`, `max_external`, `max_total`, `credits`, `grade`, `grade_points`, `result_status`, `is_arrear`, `moderation_applied`, `is_published`, `published_at`, `created_at`, `updated_at`) VALUES (22,3,1,4,NULL,15.00,22.00,37.00,30.00,70.00,100.00,4,'U',0.00,'fail',0,0.00,1,'2025-12-10 10:00:00','2026-05-10 20:25:14','2026-05-10 20:25:14');
REPLACE INTO `coe_student_results` (`id`, `student_id`, `exam_group_class_batch_exam_id`, `subject_id`, `class_id`, `internal_marks`, `external_marks`, `total_marks`, `max_internal`, `max_external`, `max_total`, `credits`, `grade`, `grade_points`, `result_status`, `is_arrear`, `moderation_applied`, `is_published`, `published_at`, `created_at`, `updated_at`) VALUES (23,3,1,5,NULL,16.00,24.00,40.00,30.00,70.00,100.00,4,'U',0.00,'fail',0,0.00,1,'2025-12-10 10:00:00','2026-05-10 20:25:14','2026-05-10 20:25:14');
REPLACE INTO `coe_student_results` (`id`, `student_id`, `exam_group_class_batch_exam_id`, `subject_id`, `class_id`, `internal_marks`, `external_marks`, `total_marks`, `max_internal`, `max_external`, `max_total`, `credits`, `grade`, `grade_points`, `result_status`, `is_arrear`, `moderation_applied`, `is_published`, `published_at`, `created_at`, `updated_at`) VALUES (24,3,1,6,NULL,22.00,45.00,67.00,30.00,70.00,100.00,4,'A',8.00,'pass',0,0.00,1,'2025-12-10 10:00:00','2026-05-10 20:25:14','2026-05-10 20:25:14');
REPLACE INTO `coe_student_results` (`id`, `student_id`, `exam_group_class_batch_exam_id`, `subject_id`, `class_id`, `internal_marks`, `external_marks`, `total_marks`, `max_internal`, `max_external`, `max_total`, `credits`, `grade`, `grade_points`, `result_status`, `is_arrear`, `moderation_applied`, `is_published`, `published_at`, `created_at`, `updated_at`) VALUES (25,4,1,4,NULL,28.00,65.00,93.00,30.00,70.00,100.00,4,'O',10.00,'pass',0,0.00,1,'2025-12-10 10:00:00','2026-05-10 20:25:14','2026-05-10 20:25:14');
REPLACE INTO `coe_student_results` (`id`, `student_id`, `exam_group_class_batch_exam_id`, `subject_id`, `class_id`, `internal_marks`, `external_marks`, `total_marks`, `max_internal`, `max_external`, `max_total`, `credits`, `grade`, `grade_points`, `result_status`, `is_arrear`, `moderation_applied`, `is_published`, `published_at`, `created_at`, `updated_at`) VALUES (26,4,1,5,NULL,26.00,58.00,84.00,30.00,70.00,100.00,4,'A+',9.00,'pass',0,0.00,1,'2025-12-10 10:00:00','2026-05-10 20:25:14','2026-05-10 20:25:14');
REPLACE INTO `coe_student_results` (`id`, `student_id`, `exam_group_class_batch_exam_id`, `subject_id`, `class_id`, `internal_marks`, `external_marks`, `total_marks`, `max_internal`, `max_external`, `max_total`, `credits`, `grade`, `grade_points`, `result_status`, `is_arrear`, `moderation_applied`, `is_published`, `published_at`, `created_at`, `updated_at`) VALUES (27,4,1,6,NULL,27.00,62.00,89.00,30.00,70.00,100.00,4,'A+',9.00,'pass',0,0.00,1,'2025-12-10 10:00:00','2026-05-10 20:25:14','2026-05-10 20:25:14');
REPLACE INTO `coe_student_results` (`id`, `student_id`, `exam_group_class_batch_exam_id`, `subject_id`, `class_id`, `internal_marks`, `external_marks`, `total_marks`, `max_internal`, `max_external`, `max_total`, `credits`, `grade`, `grade_points`, `result_status`, `is_arrear`, `moderation_applied`, `is_published`, `published_at`, `created_at`, `updated_at`) VALUES (28,5,1,4,NULL,14.00,20.00,34.00,30.00,70.00,100.00,4,'U',0.00,'fail',0,0.00,1,'2025-12-10 10:00:00','2026-05-10 20:25:14','2026-05-10 20:25:14');
REPLACE INTO `coe_student_results` (`id`, `student_id`, `exam_group_class_batch_exam_id`, `subject_id`, `class_id`, `internal_marks`, `external_marks`, `total_marks`, `max_internal`, `max_external`, `max_total`, `credits`, `grade`, `grade_points`, `result_status`, `is_arrear`, `moderation_applied`, `is_published`, `published_at`, `created_at`, `updated_at`) VALUES (29,5,1,5,NULL,15.00,22.00,37.00,30.00,70.00,100.00,4,'U',0.00,'fail',0,0.00,1,'2025-12-10 10:00:00','2026-05-10 20:25:14','2026-05-10 20:25:14');
REPLACE INTO `coe_student_results` (`id`, `student_id`, `exam_group_class_batch_exam_id`, `subject_id`, `class_id`, `internal_marks`, `external_marks`, `total_marks`, `max_internal`, `max_external`, `max_total`, `credits`, `grade`, `grade_points`, `result_status`, `is_arrear`, `moderation_applied`, `is_published`, `published_at`, `created_at`, `updated_at`) VALUES (30,5,1,6,NULL,18.00,28.00,46.00,30.00,70.00,100.00,4,'U',0.00,'fail',0,0.00,1,'2025-12-10 10:00:00','2026-05-10 20:25:14','2026-05-10 20:25:14');
REPLACE INTO `coe_student_results` (`id`, `student_id`, `exam_group_class_batch_exam_id`, `subject_id`, `class_id`, `internal_marks`, `external_marks`, `total_marks`, `max_internal`, `max_external`, `max_total`, `credits`, `grade`, `grade_points`, `result_status`, `is_arrear`, `moderation_applied`, `is_published`, `published_at`, `created_at`, `updated_at`) VALUES (31,2,4,4,NULL,20.00,38.00,58.00,30.00,70.00,100.00,4,'B',6.00,'pass',1,0.00,1,'2025-12-05 10:00:00','2026-05-10 20:25:14','2026-05-10 20:25:14');
REPLACE INTO `coe_student_results` (`id`, `student_id`, `exam_group_class_batch_exam_id`, `subject_id`, `class_id`, `internal_marks`, `external_marks`, `total_marks`, `max_internal`, `max_external`, `max_total`, `credits`, `grade`, `grade_points`, `result_status`, `is_arrear`, `moderation_applied`, `is_published`, `published_at`, `created_at`, `updated_at`) VALUES (32,3,4,4,NULL,15.00,24.00,39.00,30.00,70.00,100.00,4,'U',0.00,'fail',1,0.00,1,'2025-12-05 10:00:00','2026-05-10 20:25:14','2026-05-10 20:25:14');
REPLACE INTO `coe_student_results` (`id`, `student_id`, `exam_group_class_batch_exam_id`, `subject_id`, `class_id`, `internal_marks`, `external_marks`, `total_marks`, `max_internal`, `max_external`, `max_total`, `credits`, `grade`, `grade_points`, `result_status`, `is_arrear`, `moderation_applied`, `is_published`, `published_at`, `created_at`, `updated_at`) VALUES (33,3,4,5,NULL,16.00,36.00,52.00,30.00,70.00,100.00,4,'B',6.00,'pass',1,0.00,1,'2025-12-05 10:00:00','2026-05-10 20:25:14','2026-05-10 20:25:14');
REPLACE INTO `coe_student_results` (`id`, `student_id`, `exam_group_class_batch_exam_id`, `subject_id`, `class_id`, `internal_marks`, `external_marks`, `total_marks`, `max_internal`, `max_external`, `max_total`, `credits`, `grade`, `grade_points`, `result_status`, `is_arrear`, `moderation_applied`, `is_published`, `published_at`, `created_at`, `updated_at`) VALUES (34,5,4,4,NULL,14.00,22.00,36.00,30.00,70.00,100.00,4,'U',0.00,'fail',1,0.00,1,'2025-12-05 10:00:00','2026-05-10 20:25:14','2026-05-10 20:25:14');
REPLACE INTO `coe_student_results` (`id`, `student_id`, `exam_group_class_batch_exam_id`, `subject_id`, `class_id`, `internal_marks`, `external_marks`, `total_marks`, `max_internal`, `max_external`, `max_total`, `credits`, `grade`, `grade_points`, `result_status`, `is_arrear`, `moderation_applied`, `is_published`, `published_at`, `created_at`, `updated_at`) VALUES (35,5,4,5,NULL,15.00,38.00,53.00,30.00,70.00,100.00,4,'B',6.00,'pass',1,0.00,1,'2025-12-05 10:00:00','2026-05-10 20:25:14','2026-05-10 20:25:14');
REPLACE INTO `coe_student_results` (`id`, `student_id`, `exam_group_class_batch_exam_id`, `subject_id`, `class_id`, `internal_marks`, `external_marks`, `total_marks`, `max_internal`, `max_external`, `max_total`, `credits`, `grade`, `grade_points`, `result_status`, `is_arrear`, `moderation_applied`, `is_published`, `published_at`, `created_at`, `updated_at`) VALUES (36,5,4,6,NULL,18.00,26.00,44.00,30.00,70.00,100.00,4,'U',0.00,'fail',1,0.00,1,'2025-12-05 10:00:00','2026-05-10 20:25:14','2026-05-10 20:25:14');
REPLACE INTO `coe_sgpa_summary` (`id`, `student_id`, `exam_group_class_batch_exam_id`, `class_id`, `total_credits_earned`, `total_credits_registered`, `sgpa`, `cgpa`, `arrear_count`, `result_status`, `computed_at`, `is_published`, `published_at`, `published_by`, `created_at`, `updated_at`) VALUES (1,1,3,NULL,12.00,12.00,9.67,9.67,0,'pass','2026-05-10 10:00:00',0,NULL,NULL,'2026-05-10 16:32:36','2026-05-10 16:32:36');
REPLACE INTO `coe_sgpa_summary` (`id`, `student_id`, `exam_group_class_batch_exam_id`, `class_id`, `total_credits_earned`, `total_credits_registered`, `sgpa`, `cgpa`, `arrear_count`, `result_status`, `computed_at`, `is_published`, `published_at`, `published_by`, `created_at`, `updated_at`) VALUES (2,2,3,NULL,12.00,12.00,8.67,8.67,0,'pass','2026-05-10 10:00:00',0,NULL,NULL,'2026-05-10 16:32:36','2026-05-10 16:32:36');
REPLACE INTO `coe_sgpa_summary` (`id`, `student_id`, `exam_group_class_batch_exam_id`, `class_id`, `total_credits_earned`, `total_credits_registered`, `sgpa`, `cgpa`, `arrear_count`, `result_status`, `computed_at`, `is_published`, `published_at`, `published_by`, `created_at`, `updated_at`) VALUES (3,3,3,NULL,12.00,12.00,8.00,8.00,0,'pass','2026-05-10 10:00:00',0,NULL,NULL,'2026-05-10 16:32:36','2026-05-10 16:32:36');
REPLACE INTO `coe_sgpa_summary` (`id`, `student_id`, `exam_group_class_batch_exam_id`, `class_id`, `total_credits_earned`, `total_credits_registered`, `sgpa`, `cgpa`, `arrear_count`, `result_status`, `computed_at`, `is_published`, `published_at`, `published_by`, `created_at`, `updated_at`) VALUES (4,4,3,NULL,12.00,12.00,6.33,6.33,0,'pass','2026-05-10 10:00:00',0,NULL,NULL,'2026-05-10 16:32:36','2026-05-10 16:32:36');
REPLACE INTO `coe_sgpa_summary` (`id`, `student_id`, `exam_group_class_batch_exam_id`, `class_id`, `total_credits_earned`, `total_credits_registered`, `sgpa`, `cgpa`, `arrear_count`, `result_status`, `computed_at`, `is_published`, `published_at`, `published_by`, `created_at`, `updated_at`) VALUES (5,5,3,NULL,4.00,12.00,2.67,2.67,2,'fail','2026-05-10 10:00:00',0,NULL,NULL,'2026-05-10 16:32:36','2026-05-10 16:32:36');
REPLACE INTO `coe_sgpa_summary` (`id`, `student_id`, `exam_group_class_batch_exam_id`, `class_id`, `total_credits_earned`, `total_credits_registered`, `sgpa`, `cgpa`, `arrear_count`, `result_status`, `computed_at`, `is_published`, `published_at`, `published_by`, `created_at`, `updated_at`) VALUES (6,6,3,NULL,12.00,12.00,9.33,9.33,0,'pass','2026-05-10 10:00:00',0,NULL,NULL,'2026-05-10 16:32:36','2026-05-10 16:32:36');
REPLACE INTO `coe_sgpa_summary` (`id`, `student_id`, `exam_group_class_batch_exam_id`, `class_id`, `total_credits_earned`, `total_credits_registered`, `sgpa`, `cgpa`, `arrear_count`, `result_status`, `computed_at`, `is_published`, `published_at`, `published_by`, `created_at`, `updated_at`) VALUES (7,2,1,NULL,8.00,12.00,5.67,5.67,1,'fail','2025-12-10 10:00:00',1,'2025-12-10 10:00:00',1,'2026-05-10 20:25:14','2026-05-10 20:25:14');
REPLACE INTO `coe_sgpa_summary` (`id`, `student_id`, `exam_group_class_batch_exam_id`, `class_id`, `total_credits_earned`, `total_credits_registered`, `sgpa`, `cgpa`, `arrear_count`, `result_status`, `computed_at`, `is_published`, `published_at`, `published_by`, `created_at`, `updated_at`) VALUES (8,3,1,NULL,4.00,12.00,2.67,2.67,2,'fail','2025-12-10 10:00:00',1,'2025-12-10 10:00:00',1,'2026-05-10 20:25:14','2026-05-10 20:25:14');
REPLACE INTO `coe_sgpa_summary` (`id`, `student_id`, `exam_group_class_batch_exam_id`, `class_id`, `total_credits_earned`, `total_credits_registered`, `sgpa`, `cgpa`, `arrear_count`, `result_status`, `computed_at`, `is_published`, `published_at`, `published_by`, `created_at`, `updated_at`) VALUES (9,4,1,NULL,12.00,12.00,9.33,9.33,0,'pass','2025-12-10 10:00:00',1,'2025-12-10 10:00:00',1,'2026-05-10 20:25:14','2026-05-10 20:25:14');
REPLACE INTO `coe_sgpa_summary` (`id`, `student_id`, `exam_group_class_batch_exam_id`, `class_id`, `total_credits_earned`, `total_credits_registered`, `sgpa`, `cgpa`, `arrear_count`, `result_status`, `computed_at`, `is_published`, `published_at`, `published_by`, `created_at`, `updated_at`) VALUES (10,5,1,NULL,0.00,12.00,0.00,0.00,3,'fail','2025-12-10 10:00:00',1,'2025-12-10 10:00:00',1,'2026-05-10 20:25:14','2026-05-10 20:25:14');
REPLACE INTO `coe_qpd_papers` (`id`, `exam_group_class_batch_exam_id`, `subject_id`, `original_filename`, `stored_filename`, `encryption_key_iv`, `unlock_at`, `download_count`, `is_distributed`, `distributed_at`, `distributed_by`, `created_by`, `created_at`, `updated_at`) VALUES (1,3,1,'CS3452_Theory_of_Computation_APR26.pdf','qpd_0c22f584fcd727c9.enc','f3dfabc1f7fb0029b8be0aea08602269','2026-04-21 08:00:00',15,1,'2026-04-21 08:05:00',217,217,'2026-05-10 02:02:01','2026-05-10 08:20:53');
REPLACE INTO `coe_qpd_papers` (`id`, `exam_group_class_batch_exam_id`, `subject_id`, `original_filename`, `stored_filename`, `encryption_key_iv`, `unlock_at`, `download_count`, `is_distributed`, `distributed_at`, `distributed_by`, `created_by`, `created_at`, `updated_at`) VALUES (2,3,2,'CS3491_AIML_APR26.pdf','qpd_06c59635e8244a75.enc','5d5c11611285f4060e64a7b2bcbe95a4','2026-04-23 08:00:00',0,0,NULL,NULL,218,'2026-05-10 02:02:01','2026-05-10 08:19:25');
REPLACE INTO `coe_qpd_papers` (`id`, `exam_group_class_batch_exam_id`, `subject_id`, `original_filename`, `stored_filename`, `encryption_key_iv`, `unlock_at`, `download_count`, `is_distributed`, `distributed_at`, `distributed_by`, `created_by`, `created_at`, `updated_at`) VALUES (3,3,3,'CS3492_DBMS_APR26.pdf','qpd_7f16e87c5c6b70f3.enc','94da64f6323864cbb7d52dcec9e18ce2','2026-04-25 08:00:00',1,0,NULL,NULL,218,'2026-05-10 02:02:01','2026-05-10 08:19:25');
REPLACE INTO `coe_answer_scripts` (`id`, `exam_group_class_batch_exam_id`, `coe_hall_ticket_id`, `seating_room_id`, `subject_id`, `exam_date`, `session_slot`, `barcode_token`, `scanned_filename`, `scan_status`, `page_count`, `uploaded_by`, `uploaded_at`, `remarks`, `created_at`, `updated_at`) VALUES (1,3,8,NULL,1,'2026-04-20','FN','BAR-3-1-001',NULL,'uploaded',24,1,'2026-04-21 09:00:00',NULL,'2026-05-10 16:32:36','2026-05-10 16:32:36');
REPLACE INTO `coe_answer_scripts` (`id`, `exam_group_class_batch_exam_id`, `coe_hall_ticket_id`, `seating_room_id`, `subject_id`, `exam_date`, `session_slot`, `barcode_token`, `scanned_filename`, `scan_status`, `page_count`, `uploaded_by`, `uploaded_at`, `remarks`, `created_at`, `updated_at`) VALUES (2,3,9,NULL,1,'2026-04-20','FN','BAR-3-1-002',NULL,'uploaded',24,1,'2026-04-21 09:00:00',NULL,'2026-05-10 16:32:36','2026-05-10 16:32:36');
REPLACE INTO `coe_answer_scripts` (`id`, `exam_group_class_batch_exam_id`, `coe_hall_ticket_id`, `seating_room_id`, `subject_id`, `exam_date`, `session_slot`, `barcode_token`, `scanned_filename`, `scan_status`, `page_count`, `uploaded_by`, `uploaded_at`, `remarks`, `created_at`, `updated_at`) VALUES (3,3,10,NULL,1,'2026-04-20','FN','BAR-3-1-003',NULL,'uploaded',24,1,'2026-04-21 09:00:00',NULL,'2026-05-10 16:32:36','2026-05-10 16:32:36');
REPLACE INTO `coe_answer_scripts` (`id`, `exam_group_class_batch_exam_id`, `coe_hall_ticket_id`, `seating_room_id`, `subject_id`, `exam_date`, `session_slot`, `barcode_token`, `scanned_filename`, `scan_status`, `page_count`, `uploaded_by`, `uploaded_at`, `remarks`, `created_at`, `updated_at`) VALUES (4,3,11,NULL,1,'2026-04-20','FN','BAR-3-1-004',NULL,'uploaded',24,1,'2026-04-21 09:00:00',NULL,'2026-05-10 16:32:36','2026-05-10 16:32:36');
REPLACE INTO `coe_answer_scripts` (`id`, `exam_group_class_batch_exam_id`, `coe_hall_ticket_id`, `seating_room_id`, `subject_id`, `exam_date`, `session_slot`, `barcode_token`, `scanned_filename`, `scan_status`, `page_count`, `uploaded_by`, `uploaded_at`, `remarks`, `created_at`, `updated_at`) VALUES (5,3,12,NULL,1,'2026-04-20','FN','BAR-3-1-005',NULL,'uploaded',24,1,'2026-04-21 09:00:00',NULL,'2026-05-10 16:32:36','2026-05-10 16:32:36');
REPLACE INTO `coe_answer_scripts` (`id`, `exam_group_class_batch_exam_id`, `coe_hall_ticket_id`, `seating_room_id`, `subject_id`, `exam_date`, `session_slot`, `barcode_token`, `scanned_filename`, `scan_status`, `page_count`, `uploaded_by`, `uploaded_at`, `remarks`, `created_at`, `updated_at`) VALUES (6,3,13,NULL,1,'2026-04-20','FN','BAR-3-1-006',NULL,'uploaded',24,1,'2026-04-21 09:00:00',NULL,'2026-05-10 16:32:36','2026-05-10 16:32:36');
REPLACE INTO `coe_answer_scripts` (`id`, `exam_group_class_batch_exam_id`, `coe_hall_ticket_id`, `seating_room_id`, `subject_id`, `exam_date`, `session_slot`, `barcode_token`, `scanned_filename`, `scan_status`, `page_count`, `uploaded_by`, `uploaded_at`, `remarks`, `created_at`, `updated_at`) VALUES (7,3,8,NULL,2,'2026-04-22','AN','BAR-3-2-001',NULL,'uploaded',24,1,'2026-04-23 09:00:00',NULL,'2026-05-10 16:32:36','2026-05-10 16:32:36');
REPLACE INTO `coe_answer_scripts` (`id`, `exam_group_class_batch_exam_id`, `coe_hall_ticket_id`, `seating_room_id`, `subject_id`, `exam_date`, `session_slot`, `barcode_token`, `scanned_filename`, `scan_status`, `page_count`, `uploaded_by`, `uploaded_at`, `remarks`, `created_at`, `updated_at`) VALUES (8,3,9,NULL,2,'2026-04-22','AN','BAR-3-2-002',NULL,'uploaded',24,1,'2026-04-23 09:00:00',NULL,'2026-05-10 16:32:36','2026-05-10 16:32:36');
REPLACE INTO `coe_answer_scripts` (`id`, `exam_group_class_batch_exam_id`, `coe_hall_ticket_id`, `seating_room_id`, `subject_id`, `exam_date`, `session_slot`, `barcode_token`, `scanned_filename`, `scan_status`, `page_count`, `uploaded_by`, `uploaded_at`, `remarks`, `created_at`, `updated_at`) VALUES (9,3,10,NULL,2,'2026-04-22','AN','BAR-3-2-003',NULL,'uploaded',24,1,'2026-04-23 09:00:00',NULL,'2026-05-10 16:32:36','2026-05-10 16:32:36');
REPLACE INTO `coe_answer_scripts` (`id`, `exam_group_class_batch_exam_id`, `coe_hall_ticket_id`, `seating_room_id`, `subject_id`, `exam_date`, `session_slot`, `barcode_token`, `scanned_filename`, `scan_status`, `page_count`, `uploaded_by`, `uploaded_at`, `remarks`, `created_at`, `updated_at`) VALUES (10,3,11,NULL,2,'2026-04-22','AN','BAR-3-2-004',NULL,'uploaded',24,1,'2026-04-23 09:00:00',NULL,'2026-05-10 16:32:36','2026-05-10 16:32:36');
REPLACE INTO `coe_answer_scripts` (`id`, `exam_group_class_batch_exam_id`, `coe_hall_ticket_id`, `seating_room_id`, `subject_id`, `exam_date`, `session_slot`, `barcode_token`, `scanned_filename`, `scan_status`, `page_count`, `uploaded_by`, `uploaded_at`, `remarks`, `created_at`, `updated_at`) VALUES (11,3,12,NULL,2,'2026-04-22','AN','BAR-3-2-005',NULL,'uploaded',24,1,'2026-04-23 09:00:00',NULL,'2026-05-10 16:32:36','2026-05-10 16:32:36');
REPLACE INTO `coe_answer_scripts` (`id`, `exam_group_class_batch_exam_id`, `coe_hall_ticket_id`, `seating_room_id`, `subject_id`, `exam_date`, `session_slot`, `barcode_token`, `scanned_filename`, `scan_status`, `page_count`, `uploaded_by`, `uploaded_at`, `remarks`, `created_at`, `updated_at`) VALUES (12,3,13,NULL,2,'2026-04-22','AN','BAR-3-2-006',NULL,'uploaded',24,1,'2026-04-23 09:00:00',NULL,'2026-05-10 16:32:36','2026-05-10 16:32:36');
REPLACE INTO `coe_answer_scripts` (`id`, `exam_group_class_batch_exam_id`, `coe_hall_ticket_id`, `seating_room_id`, `subject_id`, `exam_date`, `session_slot`, `barcode_token`, `scanned_filename`, `scan_status`, `page_count`, `uploaded_by`, `uploaded_at`, `remarks`, `created_at`, `updated_at`) VALUES (13,3,8,NULL,3,'2026-04-24','FN','BAR-3-3-001',NULL,'uploaded',24,1,'2026-04-25 09:00:00',NULL,'2026-05-10 16:32:36','2026-05-10 16:32:36');
REPLACE INTO `coe_answer_scripts` (`id`, `exam_group_class_batch_exam_id`, `coe_hall_ticket_id`, `seating_room_id`, `subject_id`, `exam_date`, `session_slot`, `barcode_token`, `scanned_filename`, `scan_status`, `page_count`, `uploaded_by`, `uploaded_at`, `remarks`, `created_at`, `updated_at`) VALUES (14,3,9,NULL,3,'2026-04-24','FN','BAR-3-3-002',NULL,'uploaded',24,1,'2026-04-25 09:00:00',NULL,'2026-05-10 16:32:36','2026-05-10 16:32:36');
REPLACE INTO `coe_answer_scripts` (`id`, `exam_group_class_batch_exam_id`, `coe_hall_ticket_id`, `seating_room_id`, `subject_id`, `exam_date`, `session_slot`, `barcode_token`, `scanned_filename`, `scan_status`, `page_count`, `uploaded_by`, `uploaded_at`, `remarks`, `created_at`, `updated_at`) VALUES (15,3,10,NULL,3,'2026-04-24','FN','BAR-3-3-003',NULL,'uploaded',24,1,'2026-04-25 09:00:00',NULL,'2026-05-10 16:32:36','2026-05-10 16:32:36');
REPLACE INTO `coe_answer_scripts` (`id`, `exam_group_class_batch_exam_id`, `coe_hall_ticket_id`, `seating_room_id`, `subject_id`, `exam_date`, `session_slot`, `barcode_token`, `scanned_filename`, `scan_status`, `page_count`, `uploaded_by`, `uploaded_at`, `remarks`, `created_at`, `updated_at`) VALUES (16,3,11,NULL,3,'2026-04-24','FN','BAR-3-3-004',NULL,'uploaded',24,1,'2026-04-25 09:00:00',NULL,'2026-05-10 16:32:36','2026-05-10 16:32:36');
REPLACE INTO `coe_answer_scripts` (`id`, `exam_group_class_batch_exam_id`, `coe_hall_ticket_id`, `seating_room_id`, `subject_id`, `exam_date`, `session_slot`, `barcode_token`, `scanned_filename`, `scan_status`, `page_count`, `uploaded_by`, `uploaded_at`, `remarks`, `created_at`, `updated_at`) VALUES (17,3,12,NULL,3,'2026-04-24','FN','BAR-3-3-005',NULL,'uploaded',24,1,'2026-04-25 09:00:00',NULL,'2026-05-10 16:32:36','2026-05-10 16:32:36');
REPLACE INTO `coe_answer_scripts` (`id`, `exam_group_class_batch_exam_id`, `coe_hall_ticket_id`, `seating_room_id`, `subject_id`, `exam_date`, `session_slot`, `barcode_token`, `scanned_filename`, `scan_status`, `page_count`, `uploaded_by`, `uploaded_at`, `remarks`, `created_at`, `updated_at`) VALUES (18,3,13,NULL,3,'2026-04-24','FN','BAR-3-3-006',NULL,'uploaded',24,1,'2026-04-25 09:00:00',NULL,'2026-05-10 16:32:36','2026-05-10 16:32:36');
REPLACE INTO `coe_osm_scripts` (`id`, `answer_script_id`, `assigned_evaluator`, `stage`, `total_marks`, `status`, `assigned_at`, `submitted_at`, `locked_by`, `locked_at`, `created_at`, `updated_at`) VALUES (1,1,217,1,65.00,'locked','2026-04-22 10:00:00','2026-04-23 14:00:00',1,'2026-04-24 09:00:00','2026-05-10 16:32:36','2026-05-10 16:32:36');
REPLACE INTO `coe_osm_scripts` (`id`, `answer_script_id`, `assigned_evaluator`, `stage`, `total_marks`, `status`, `assigned_at`, `submitted_at`, `locked_by`, `locked_at`, `created_at`, `updated_at`) VALUES (2,2,217,1,58.00,'done','2026-04-22 10:00:00','2026-04-23 16:00:00',NULL,NULL,'2026-05-10 16:32:36','2026-05-10 16:32:36');
REPLACE INTO `coe_osm_scripts` (`id`, `answer_script_id`, `assigned_evaluator`, `stage`, `total_marks`, `status`, `assigned_at`, `submitted_at`, `locked_by`, `locked_at`, `created_at`, `updated_at`) VALUES (3,3,218,1,NULL,'marking','2026-04-22 10:30:00',NULL,NULL,NULL,'2026-05-10 16:32:36','2026-05-10 16:32:36');
REPLACE INTO `coe_osm_scripts` (`id`, `answer_script_id`, `assigned_evaluator`, `stage`, `total_marks`, `status`, `assigned_at`, `submitted_at`, `locked_by`, `locked_at`, `created_at`, `updated_at`) VALUES (4,4,218,1,NULL,'assigned','2026-04-22 10:30:00',NULL,NULL,NULL,'2026-05-10 16:32:36','2026-05-10 16:32:36');
REPLACE INTO `coe_osm_scripts` (`id`, `answer_script_id`, `assigned_evaluator`, `stage`, `total_marks`, `status`, `assigned_at`, `submitted_at`, `locked_by`, `locked_at`, `created_at`, `updated_at`) VALUES (5,5,NULL,1,NULL,'pending',NULL,NULL,NULL,NULL,'2026-05-10 16:32:36','2026-05-10 16:32:36');
REPLACE INTO `coe_osm_scripts` (`id`, `answer_script_id`, `assigned_evaluator`, `stage`, `total_marks`, `status`, `assigned_at`, `submitted_at`, `locked_by`, `locked_at`, `created_at`, `updated_at`) VALUES (6,6,217,1,60.00,'locked','2026-04-22 10:00:00','2026-04-23 15:00:00',1,'2026-04-24 09:00:00','2026-05-10 16:32:36','2026-05-10 16:32:36');
REPLACE INTO `coe_osm_marks` (`id`, `osm_script_id`, `question_no`, `sub_question`, `max_marks`, `marks_awarded`, `awarded_by`, `awarded_at`, `created_at`, `updated_at`) VALUES (1,1,1,NULL,2.00,2.00,217,'2026-04-23 10:00:00','2026-05-10 16:32:36','2026-05-10 16:32:36');
REPLACE INTO `coe_osm_marks` (`id`, `osm_script_id`, `question_no`, `sub_question`, `max_marks`, `marks_awarded`, `awarded_by`, `awarded_at`, `created_at`, `updated_at`) VALUES (2,1,2,NULL,2.00,2.00,217,'2026-04-23 10:00:00','2026-05-10 16:32:36','2026-05-10 16:32:36');
REPLACE INTO `coe_osm_marks` (`id`, `osm_script_id`, `question_no`, `sub_question`, `max_marks`, `marks_awarded`, `awarded_by`, `awarded_at`, `created_at`, `updated_at`) VALUES (3,1,3,NULL,2.00,2.00,217,'2026-04-23 10:00:00','2026-05-10 16:32:36','2026-05-10 16:32:36');
REPLACE INTO `coe_osm_marks` (`id`, `osm_script_id`, `question_no`, `sub_question`, `max_marks`, `marks_awarded`, `awarded_by`, `awarded_at`, `created_at`, `updated_at`) VALUES (4,1,4,NULL,2.00,2.00,217,'2026-04-23 10:00:00','2026-05-10 16:32:36','2026-05-10 16:32:36');
REPLACE INTO `coe_osm_marks` (`id`, `osm_script_id`, `question_no`, `sub_question`, `max_marks`, `marks_awarded`, `awarded_by`, `awarded_at`, `created_at`, `updated_at`) VALUES (5,1,5,NULL,2.00,1.00,217,'2026-04-23 10:00:00','2026-05-10 16:32:36','2026-05-10 16:32:36');
REPLACE INTO `coe_osm_marks` (`id`, `osm_script_id`, `question_no`, `sub_question`, `max_marks`, `marks_awarded`, `awarded_by`, `awarded_at`, `created_at`, `updated_at`) VALUES (6,1,6,NULL,2.00,2.00,217,'2026-04-23 10:00:00','2026-05-10 16:32:36','2026-05-10 16:32:36');
REPLACE INTO `coe_osm_marks` (`id`, `osm_script_id`, `question_no`, `sub_question`, `max_marks`, `marks_awarded`, `awarded_by`, `awarded_at`, `created_at`, `updated_at`) VALUES (7,1,7,NULL,2.00,2.00,217,'2026-04-23 10:00:00','2026-05-10 16:32:36','2026-05-10 16:32:36');
REPLACE INTO `coe_osm_marks` (`id`, `osm_script_id`, `question_no`, `sub_question`, `max_marks`, `marks_awarded`, `awarded_by`, `awarded_at`, `created_at`, `updated_at`) VALUES (8,1,8,NULL,2.00,0.00,217,'2026-04-23 10:00:00','2026-05-10 16:32:36','2026-05-10 16:32:36');
REPLACE INTO `coe_osm_marks` (`id`, `osm_script_id`, `question_no`, `sub_question`, `max_marks`, `marks_awarded`, `awarded_by`, `awarded_at`, `created_at`, `updated_at`) VALUES (9,1,9,NULL,2.00,2.00,217,'2026-04-23 10:00:00','2026-05-10 16:32:36','2026-05-10 16:32:36');
REPLACE INTO `coe_osm_marks` (`id`, `osm_script_id`, `question_no`, `sub_question`, `max_marks`, `marks_awarded`, `awarded_by`, `awarded_at`, `created_at`, `updated_at`) VALUES (10,1,10,NULL,2.00,2.00,217,'2026-04-23 10:00:00','2026-05-10 16:32:36','2026-05-10 16:32:36');
REPLACE INTO `coe_osm_marks` (`id`, `osm_script_id`, `question_no`, `sub_question`, `max_marks`, `marks_awarded`, `awarded_by`, `awarded_at`, `created_at`, `updated_at`) VALUES (11,1,11,'a',16.00,10.00,217,'2026-04-23 10:30:00','2026-05-10 16:32:36','2026-05-10 16:32:36');
REPLACE INTO `coe_osm_marks` (`id`, `osm_script_id`, `question_no`, `sub_question`, `max_marks`, `marks_awarded`, `awarded_by`, `awarded_at`, `created_at`, `updated_at`) VALUES (12,1,12,'a',16.00,12.00,217,'2026-04-23 10:30:00','2026-05-10 16:32:36','2026-05-10 16:32:36');
REPLACE INTO `coe_osm_marks` (`id`, `osm_script_id`, `question_no`, `sub_question`, `max_marks`, `marks_awarded`, `awarded_by`, `awarded_at`, `created_at`, `updated_at`) VALUES (13,1,13,'b',16.00,14.00,217,'2026-04-23 10:30:00','2026-05-10 16:32:36','2026-05-10 16:32:36');
REPLACE INTO `coe_osm_marks` (`id`, `osm_script_id`, `question_no`, `sub_question`, `max_marks`, `marks_awarded`, `awarded_by`, `awarded_at`, `created_at`, `updated_at`) VALUES (14,1,14,'b',16.00,8.00,217,'2026-04-23 10:30:00','2026-05-10 16:32:36','2026-05-10 16:32:36');
REPLACE INTO `coe_osm_marks` (`id`, `osm_script_id`, `question_no`, `sub_question`, `max_marks`, `marks_awarded`, `awarded_by`, `awarded_at`, `created_at`, `updated_at`) VALUES (15,1,15,'a',16.00,4.00,217,'2026-04-23 10:30:00','2026-05-10 16:32:36','2026-05-10 16:32:36');
REPLACE INTO `coe_osm_marks` (`id`, `osm_script_id`, `question_no`, `sub_question`, `max_marks`, `marks_awarded`, `awarded_by`, `awarded_at`, `created_at`, `updated_at`) VALUES (16,2,1,NULL,2.00,2.00,217,'2026-04-23 11:00:00','2026-05-10 16:32:36','2026-05-10 16:32:36');
REPLACE INTO `coe_osm_marks` (`id`, `osm_script_id`, `question_no`, `sub_question`, `max_marks`, `marks_awarded`, `awarded_by`, `awarded_at`, `created_at`, `updated_at`) VALUES (17,2,2,NULL,2.00,1.00,217,'2026-04-23 11:00:00','2026-05-10 16:32:36','2026-05-10 16:32:36');
REPLACE INTO `coe_osm_marks` (`id`, `osm_script_id`, `question_no`, `sub_question`, `max_marks`, `marks_awarded`, `awarded_by`, `awarded_at`, `created_at`, `updated_at`) VALUES (18,2,3,NULL,2.00,2.00,217,'2026-04-23 11:00:00','2026-05-10 16:32:36','2026-05-10 16:32:36');
REPLACE INTO `coe_osm_marks` (`id`, `osm_script_id`, `question_no`, `sub_question`, `max_marks`, `marks_awarded`, `awarded_by`, `awarded_at`, `created_at`, `updated_at`) VALUES (19,2,4,NULL,2.00,2.00,217,'2026-04-23 11:00:00','2026-05-10 16:32:36','2026-05-10 16:32:36');
REPLACE INTO `coe_osm_marks` (`id`, `osm_script_id`, `question_no`, `sub_question`, `max_marks`, `marks_awarded`, `awarded_by`, `awarded_at`, `created_at`, `updated_at`) VALUES (20,2,5,NULL,2.00,0.00,217,'2026-04-23 11:00:00','2026-05-10 16:32:36','2026-05-10 16:32:36');
REPLACE INTO `coe_osm_marks` (`id`, `osm_script_id`, `question_no`, `sub_question`, `max_marks`, `marks_awarded`, `awarded_by`, `awarded_at`, `created_at`, `updated_at`) VALUES (21,2,6,NULL,2.00,2.00,217,'2026-04-23 11:00:00','2026-05-10 16:32:36','2026-05-10 16:32:36');
REPLACE INTO `coe_osm_marks` (`id`, `osm_script_id`, `question_no`, `sub_question`, `max_marks`, `marks_awarded`, `awarded_by`, `awarded_at`, `created_at`, `updated_at`) VALUES (22,2,7,NULL,2.00,2.00,217,'2026-04-23 11:00:00','2026-05-10 16:32:36','2026-05-10 16:32:36');
REPLACE INTO `coe_osm_marks` (`id`, `osm_script_id`, `question_no`, `sub_question`, `max_marks`, `marks_awarded`, `awarded_by`, `awarded_at`, `created_at`, `updated_at`) VALUES (23,2,8,NULL,2.00,1.00,217,'2026-04-23 11:00:00','2026-05-10 16:32:36','2026-05-10 16:32:36');
REPLACE INTO `coe_osm_marks` (`id`, `osm_script_id`, `question_no`, `sub_question`, `max_marks`, `marks_awarded`, `awarded_by`, `awarded_at`, `created_at`, `updated_at`) VALUES (24,2,9,NULL,2.00,1.00,217,'2026-04-23 11:00:00','2026-05-10 16:32:36','2026-05-10 16:32:36');
REPLACE INTO `coe_osm_marks` (`id`, `osm_script_id`, `question_no`, `sub_question`, `max_marks`, `marks_awarded`, `awarded_by`, `awarded_at`, `created_at`, `updated_at`) VALUES (25,2,10,NULL,2.00,1.00,217,'2026-04-23 11:00:00','2026-05-10 16:32:36','2026-05-10 16:32:36');
REPLACE INTO `coe_osm_marks` (`id`, `osm_script_id`, `question_no`, `sub_question`, `max_marks`, `marks_awarded`, `awarded_by`, `awarded_at`, `created_at`, `updated_at`) VALUES (26,2,11,'b',16.00,12.00,217,'2026-04-23 11:30:00','2026-05-10 16:32:36','2026-05-10 16:32:36');
REPLACE INTO `coe_osm_marks` (`id`, `osm_script_id`, `question_no`, `sub_question`, `max_marks`, `marks_awarded`, `awarded_by`, `awarded_at`, `created_at`, `updated_at`) VALUES (27,2,12,'a',16.00,8.00,217,'2026-04-23 11:30:00','2026-05-10 16:32:36','2026-05-10 16:32:36');
REPLACE INTO `coe_osm_marks` (`id`, `osm_script_id`, `question_no`, `sub_question`, `max_marks`, `marks_awarded`, `awarded_by`, `awarded_at`, `created_at`, `updated_at`) VALUES (28,2,13,'b',16.00,10.00,217,'2026-04-23 11:30:00','2026-05-10 16:32:36','2026-05-10 16:32:36');
REPLACE INTO `coe_osm_marks` (`id`, `osm_script_id`, `question_no`, `sub_question`, `max_marks`, `marks_awarded`, `awarded_by`, `awarded_at`, `created_at`, `updated_at`) VALUES (29,2,14,'a',16.00,10.00,217,'2026-04-23 11:30:00','2026-05-10 16:32:36','2026-05-10 16:32:36');
REPLACE INTO `coe_osm_marks` (`id`, `osm_script_id`, `question_no`, `sub_question`, `max_marks`, `marks_awarded`, `awarded_by`, `awarded_at`, `created_at`, `updated_at`) VALUES (30,2,15,'b',16.00,4.00,217,'2026-04-23 11:30:00','2026-05-10 16:32:36','2026-05-10 16:32:36');
REPLACE INTO `coe_osm_marks` (`id`, `osm_script_id`, `question_no`, `sub_question`, `max_marks`, `marks_awarded`, `awarded_by`, `awarded_at`, `created_at`, `updated_at`) VALUES (31,6,1,NULL,2.00,2.00,217,'2026-04-23 13:00:00','2026-05-10 16:32:36','2026-05-10 16:32:36');
REPLACE INTO `coe_osm_marks` (`id`, `osm_script_id`, `question_no`, `sub_question`, `max_marks`, `marks_awarded`, `awarded_by`, `awarded_at`, `created_at`, `updated_at`) VALUES (32,6,2,NULL,2.00,2.00,217,'2026-04-23 13:00:00','2026-05-10 16:32:36','2026-05-10 16:32:36');
REPLACE INTO `coe_osm_marks` (`id`, `osm_script_id`, `question_no`, `sub_question`, `max_marks`, `marks_awarded`, `awarded_by`, `awarded_at`, `created_at`, `updated_at`) VALUES (33,6,3,NULL,2.00,2.00,217,'2026-04-23 13:00:00','2026-05-10 16:32:36','2026-05-10 16:32:36');
REPLACE INTO `coe_osm_marks` (`id`, `osm_script_id`, `question_no`, `sub_question`, `max_marks`, `marks_awarded`, `awarded_by`, `awarded_at`, `created_at`, `updated_at`) VALUES (34,6,4,NULL,2.00,1.00,217,'2026-04-23 13:00:00','2026-05-10 16:32:36','2026-05-10 16:32:36');
REPLACE INTO `coe_osm_marks` (`id`, `osm_script_id`, `question_no`, `sub_question`, `max_marks`, `marks_awarded`, `awarded_by`, `awarded_at`, `created_at`, `updated_at`) VALUES (35,6,5,NULL,2.00,2.00,217,'2026-04-23 13:00:00','2026-05-10 16:32:36','2026-05-10 16:32:36');
REPLACE INTO `coe_osm_marks` (`id`, `osm_script_id`, `question_no`, `sub_question`, `max_marks`, `marks_awarded`, `awarded_by`, `awarded_at`, `created_at`, `updated_at`) VALUES (36,6,6,NULL,2.00,2.00,217,'2026-04-23 13:00:00','2026-05-10 16:32:36','2026-05-10 16:32:36');
REPLACE INTO `coe_osm_marks` (`id`, `osm_script_id`, `question_no`, `sub_question`, `max_marks`, `marks_awarded`, `awarded_by`, `awarded_at`, `created_at`, `updated_at`) VALUES (37,6,7,NULL,2.00,1.00,217,'2026-04-23 13:00:00','2026-05-10 16:32:36','2026-05-10 16:32:36');
REPLACE INTO `coe_osm_marks` (`id`, `osm_script_id`, `question_no`, `sub_question`, `max_marks`, `marks_awarded`, `awarded_by`, `awarded_at`, `created_at`, `updated_at`) VALUES (38,6,8,NULL,2.00,2.00,217,'2026-04-23 13:00:00','2026-05-10 16:32:36','2026-05-10 16:32:36');
REPLACE INTO `coe_osm_marks` (`id`, `osm_script_id`, `question_no`, `sub_question`, `max_marks`, `marks_awarded`, `awarded_by`, `awarded_at`, `created_at`, `updated_at`) VALUES (39,6,9,NULL,2.00,1.00,217,'2026-04-23 13:00:00','2026-05-10 16:32:36','2026-05-10 16:32:36');
REPLACE INTO `coe_osm_marks` (`id`, `osm_script_id`, `question_no`, `sub_question`, `max_marks`, `marks_awarded`, `awarded_by`, `awarded_at`, `created_at`, `updated_at`) VALUES (40,6,10,NULL,2.00,1.00,217,'2026-04-23 13:00:00','2026-05-10 16:32:36','2026-05-10 16:32:36');
REPLACE INTO `coe_osm_marks` (`id`, `osm_script_id`, `question_no`, `sub_question`, `max_marks`, `marks_awarded`, `awarded_by`, `awarded_at`, `created_at`, `updated_at`) VALUES (41,6,11,'a',16.00,10.00,217,'2026-04-23 13:30:00','2026-05-10 16:32:36','2026-05-10 16:32:36');
REPLACE INTO `coe_osm_marks` (`id`, `osm_script_id`, `question_no`, `sub_question`, `max_marks`, `marks_awarded`, `awarded_by`, `awarded_at`, `created_at`, `updated_at`) VALUES (42,6,12,'b',16.00,12.00,217,'2026-04-23 13:30:00','2026-05-10 16:32:36','2026-05-10 16:32:36');
REPLACE INTO `coe_osm_marks` (`id`, `osm_script_id`, `question_no`, `sub_question`, `max_marks`, `marks_awarded`, `awarded_by`, `awarded_at`, `created_at`, `updated_at`) VALUES (43,6,13,'a',16.00,12.00,217,'2026-04-23 13:30:00','2026-05-10 16:32:36','2026-05-10 16:32:36');
REPLACE INTO `coe_osm_marks` (`id`, `osm_script_id`, `question_no`, `sub_question`, `max_marks`, `marks_awarded`, `awarded_by`, `awarded_at`, `created_at`, `updated_at`) VALUES (44,6,14,'b',16.00,8.00,217,'2026-04-23 13:30:00','2026-05-10 16:32:36','2026-05-10 16:32:36');
REPLACE INTO `coe_osm_marks` (`id`, `osm_script_id`, `question_no`, `sub_question`, `max_marks`, `marks_awarded`, `awarded_by`, `awarded_at`, `created_at`, `updated_at`) VALUES (45,6,15,'a',16.00,2.00,217,'2026-04-23 13:30:00','2026-05-10 16:32:36','2026-05-10 16:32:36');
REPLACE INTO `coe_ufm_incidents` (`id`, `coe_hall_ticket_id`, `seating_room_id`, `exam_date`, `session_slot`, `incident_type`, `description`, `material_seized`, `reported_by`, `witness_staff_id`, `status`, `penalty`, `reviewed_by`, `reviewed_at`, `created_at`, `updated_at`) VALUES (1,8,6,'2026-04-21','FN','copying','Student was found looking at neighbouring student answer sheet during CS3452 examination.',NULL,217,218,'under_review',NULL,NULL,NULL,'2026-05-10 02:02:01','2026-05-10 02:02:01');
REPLACE INTO `coe_ufm_incidents` (`id`, `coe_hall_ticket_id`, `seating_room_id`, `exam_date`, `session_slot`, `incident_type`, `description`, `material_seized`, `reported_by`, `witness_staff_id`, `status`, `penalty`, `reviewed_by`, `reviewed_at`, `created_at`, `updated_at`) VALUES (2,9,6,'2026-04-21','FN','mobile_phone','Mobile phone found switched on in pocket during CS3452 examination.','Samsung Galaxy A54 mobile phone',217,219,'penalised','Candidate awarded zero marks for this paper. Mobile device confiscated and returned after exam.',218,'2026-04-21 14:30:00','2026-05-10 02:02:01','2026-05-10 02:02:01');
REPLACE INTO `coe_audit_log` (`id`, `action`, `entity`, `entity_id`, `old_value`, `new_value`, `performed_by`, `ip_address`, `performed_at`) VALUES (1,'qpd_downloaded','coe_qpd_papers',1,NULL,'{\"downloaded_by\":\"1\"}',0,'::1','2026-05-10 02:07:42');
REPLACE INTO `coe_audit_log` (`id`, `action`, `entity`, `entity_id`, `old_value`, `new_value`, `performed_by`, `ip_address`, `performed_at`) VALUES (2,'qpd_downloaded','coe_qpd_papers',1,NULL,'{\"downloaded_by\":\"1\"}',0,'::1','2026-05-10 02:08:03');
REPLACE INTO `coe_audit_log` (`id`, `action`, `entity`, `entity_id`, `old_value`, `new_value`, `performed_by`, `ip_address`, `performed_at`) VALUES (3,'qpd_downloaded','coe_qpd_papers',3,NULL,'{\"downloaded_by\":\"1\"}',0,'::1','2026-05-10 02:08:44');
REPLACE INTO `coe_audit_log` (`id`, `action`, `entity`, `entity_id`, `old_value`, `new_value`, `performed_by`, `ip_address`, `performed_at`) VALUES (4,'qpd_downloaded','coe_qpd_papers',1,NULL,'{\"downloaded_by\":\"1\"}',0,'::1','2026-05-10 08:20:53');
REPLACE INTO `coe_audit_log` (`id`, `action`, `entity`, `entity_id`, `old_value`, `new_value`, `performed_by`, `ip_address`, `performed_at`) VALUES (5,'nominal_rolls_generated','coe_nominal_rolls',1,NULL,'{\"created\":0,\"updated\":1}',0,'::1','2026-05-10 16:55:12');
REPLACE INTO `coe_audit_log` (`id`, `action`, `entity`, `entity_id`, `old_value`, `new_value`, `performed_by`, `ip_address`, `performed_at`) VALUES (6,'seating_auto_assigned','coe_seating_rooms',5,NULL,'{\"assigned\":1}',0,'::1','2026-05-10 17:05:20');
REPLACE INTO `coe_audit_log` (`id`, `action`, `entity`, `entity_id`, `old_value`, `new_value`, `performed_by`, `ip_address`, `performed_at`) VALUES (7,'seating_auto_assigned','coe_seating_rooms',5,NULL,'{\"assigned\":0}',0,'::1','2026-05-10 17:05:28');
REPLACE INTO `coe_audit_log` (`id`, `action`, `entity`, `entity_id`, `old_value`, `new_value`, `performed_by`, `ip_address`, `performed_at`) VALUES (8,'seating_cleared','coe_seating_rooms',1,NULL,NULL,0,'::1','2026-05-10 17:07:23');
REPLACE INTO `coe_audit_log` (`id`, `action`, `entity`, `entity_id`, `old_value`, `new_value`, `performed_by`, `ip_address`, `performed_at`) VALUES (9,'seating_auto_assigned','coe_seating_rooms',1,NULL,'{\"assigned\":2}',0,'::1','2026-05-10 17:07:27');
REPLACE INTO `coe_audit_log` (`id`, `action`, `entity`, `entity_id`, `old_value`, `new_value`, `performed_by`, `ip_address`, `performed_at`) VALUES (10,'coe_event_created','exam_groups',4,NULL,'{\"name\":\"Apr\\/May 2026 Arear\",\"exam_category\":\"arrear\"}',0,'::1','2026-05-11 16:13:28');
REPLACE INTO `coe_audit_log` (`id`, `action`, `entity`, `entity_id`, `old_value`, `new_value`, `performed_by`, `ip_address`, `performed_at`) VALUES (11,'coe_batch_created','exam_group_class_batch_exams',5,NULL,'{\"group_id\":4,\"class_id\":72,\"students_added\":0}',0,'::1','2026-05-11 17:20:30');
REPLACE INTO `coe_audit_log` (`id`, `action`, `entity`, `entity_id`, `old_value`, `new_value`, `performed_by`, `ip_address`, `performed_at`) VALUES (12,'coe_batch_created','exam_group_class_batch_exams',6,NULL,'{\"group_id\":4,\"class_id\":87,\"students_added\":0}',0,'::1','2026-05-11 17:20:30');
REPLACE INTO `coe_moderation_rules` (`id`, `exam_group_class_batch_exam_id`, `subject_id`, `class_id`, `rule_type`, `value_type`, `value`, `max_cap`, `applies_to`, `is_applied`, `applied_by`, `applied_at`, `reason`, `created_at`, `updated_at`) VALUES (1,3,3,NULL,'grace','flat',3.00,70.00,'external',0,NULL,NULL,'Grace marks for DBMS paper difficulty','2026-05-10 16:32:36','2026-05-10 16:32:36');
REPLACE INTO `coe_revaluation_requests` (`id`, `student_id`, `exam_group_class_batch_exam_id`, `subject_id`, `original_marks`, `request_date`, `payment_status`, `payment_ref`, `payment_amount`, `payment_date`, `stage`, `status`, `remarks`, `created_by`, `created_at`, `updated_at`) VALUES (1,5,3,1,45.00,'2026-05-01','paid','PAY/2026/0501/001',500.00,'2026-05-02',1,'assigned',NULL,1,'2026-05-10 16:32:36','2026-05-10 16:32:36');

-- --------------------------------------------------------
-- Flying Squad Visits (2 demo rows)
-- --------------------------------------------------------
REPLACE INTO `coe_flying_squad_visits` (`id`, `exam_group_class_batch_exam_id`, `visit_date`, `visit_time`, `observer_staff_id`, `hall_id`, `hall_name`, `observations`, `irregularities_found`, `irregularity_details`, `action_taken`, `severity`, `created_at`) VALUES (1, 17, '2026-06-01', '10:30:00', 1, 1, 'ANR Hall', 'Visited ANR Hall during FN session. All students seated properly, hall tickets verified. Invigilators present and attentive. Exam conducted in orderly manner.', 0, NULL, NULL, 'none', '2026-06-01 10:30:00');
REPLACE INTO `coe_flying_squad_visits` (`id`, `exam_group_class_batch_exam_id`, `visit_date`, `visit_time`, `observer_staff_id`, `hall_id`, `hall_name`, `observations`, `irregularities_found`, `irregularity_details`, `action_taken`, `severity`, `created_at`) VALUES (2, 17, '2026-06-15', '11:00:00', 1, 2, 'Test Hall', 'Visited Test Hall during AN session. Overall conduct was satisfactory. One student found with unauthorized notes.', 1, 'Student R.Priya (Roll No: MCE/APR26/I/013) found with handwritten notes not permitted in exam hall.', 'Student warned and notes confiscated. UFM report filed. Student allowed to continue exam under close monitoring.', 'minor', '2026-06-15 11:00:00');

SET FOREIGN_KEY_CHECKS=1;

-- Verification:
-- SELECT COUNT(*) AS coe_tables FROM information_schema.tables WHERE table_schema=DATABASE() AND table_name LIKE 'coe_%';
-- SELECT COUNT(*) FROM coe_exam_regulations;  -- expected: 3
-- SELECT COUNT(*) FROM coe_hall_tickets;       -- expected: 13
-- SELECT COUNT(*) FROM coe_student_results;    -- expected: 36
